"1",1,0.0739856801909308,0.00530271294108368,"Colon Adenocarcinoma","Blood Derived Normal"
"2",1,0.0739856801909308,0.00530271294108368,"Colon Adenocarcinoma","Blood Derived Normal"
"3",1,0.0740740740740741,0.00572194999448086,"Colon Adenocarcinoma","Blood Derived Normal"
"4",1,0.0741626794258373,0.00574200423301688,"Colon Adenocarcinoma","Blood Derived Normal"
"5",0.983870967741935,0.0730538922155689,0.00617567614653739,"Colon Adenocarcinoma","Blood Derived Normal"
"6",0.967741935483871,0.0719424460431655,0.00682094246681869,"Colon Adenocarcinoma","Blood Derived Normal"
"7",0.967741935483871,0.0720288115246098,0.00736897224652265,"Colon Adenocarcinoma","Blood Derived Normal"
"8",0.967741935483871,0.0721153846153846,0.00871037818996388,"Colon Adenocarcinoma","Blood Derived Normal"
"9",0.967741935483871,0.0722021660649819,0.00894326413544515,"Colon Adenocarcinoma","Blood Derived Normal"
"10",0.967741935483871,0.072289156626506,0.00918377527144247,"Colon Adenocarcinoma","Blood Derived Normal"
"11",0.967741935483871,0.0723763570566948,0.00927362843339793,"Colon Adenocarcinoma","Blood Derived Normal"
"12",0.967741935483871,0.072463768115942,0.00937236572238733,"Colon Adenocarcinoma","Blood Derived Normal"
"13",0.967741935483871,0.0725513905683192,0.0103696527212784,"Colon Adenocarcinoma","Blood Derived Normal"
"14",0.967741935483871,0.0726392251815981,0.01074200924103,"Colon Adenocarcinoma","Blood Derived Normal"
"15",0.967741935483871,0.0727272727272727,0.0109177416741083,"Colon Adenocarcinoma","Blood Derived Normal"
"16",0.967741935483871,0.0728155339805825,0.0118732815284881,"Colon Adenocarcinoma","Blood Derived Normal"
"17",0.951612903225806,0.0716889428918591,0.0123000043736757,"Colon Adenocarcinoma","Blood Derived Normal"
"18",0.951612903225806,0.0717761557177616,0.0123105652385569,"Colon Adenocarcinoma","Blood Derived Normal"
"19",0.951612903225806,0.071863580998782,0.0129864864296419,"Colon Adenocarcinoma","Blood Derived Normal"
"20",0.951612903225806,0.0719512195121951,0.0130821480022139,"Colon Adenocarcinoma","Blood Derived Normal"
"21",0.951612903225806,0.072039072039072,0.0133950321689378,"Colon Adenocarcinoma","Blood Derived Normal"
"22",0.951612903225806,0.0721271393643032,0.0139724995789931,"Colon Adenocarcinoma","Blood Derived Normal"
"23",0.951612903225806,0.0722154222766218,0.0142223340557489,"Colon Adenocarcinoma","Blood Derived Normal"
"24",0.951612903225806,0.0723039215686275,0.0144431356884808,"Colon Adenocarcinoma","Blood Derived Normal"
"25",0.935483870967742,0.0711656441717791,0.0144659360696384,"Colon Adenocarcinoma","Blood Derived Normal"
"26",0.935483870967742,0.0712530712530713,0.0147815405807355,"Colon Adenocarcinoma","Blood Derived Normal"
"27",0.935483870967742,0.0713407134071341,0.0150065060699498,"Colon Adenocarcinoma","Blood Derived Normal"
"28",0.935483870967742,0.0714285714285714,0.0152562753572295,"Colon Adenocarcinoma","Blood Derived Normal"
"29",0.935483870967742,0.0715166461159063,0.0154428914214085,"Colon Adenocarcinoma","Blood Derived Normal"
"30",0.919354838709677,0.0703703703703704,0.0163037513430594,"Colon Adenocarcinoma","Blood Derived Normal"
"31",0.919354838709677,0.0704573547589617,0.0167214717118111,"Colon Adenocarcinoma","Blood Derived Normal"
"32",0.919354838709677,0.0705445544554455,0.0168737461836201,"Colon Adenocarcinoma","Blood Derived Normal"
"33",0.919354838709677,0.0706319702602231,0.0169506294230279,"Colon Adenocarcinoma","Blood Derived Normal"
"34",0.903225806451613,0.0694789081885856,0.0170185606966007,"Colon Adenocarcinoma","Blood Derived Normal"
"35",0.903225806451613,0.0695652173913043,0.0170648768066462,"Colon Adenocarcinoma","Blood Derived Normal"
"36",0.903225806451613,0.0696517412935323,0.017095936295769,"Colon Adenocarcinoma","Blood Derived Normal"
"37",0.903225806451613,0.0697384806973848,0.0171748815992943,"Colon Adenocarcinoma","Blood Derived Normal"
"38",0.903225806451613,0.0698254364089776,0.0173147799568977,"Colon Adenocarcinoma","Blood Derived Normal"
"39",0.903225806451613,0.0699126092384519,0.0173986520722428,"Colon Adenocarcinoma","Blood Derived Normal"
"40",0.903225806451613,0.07,0.0176520767534662,"Colon Adenocarcinoma","Blood Derived Normal"
"41",0.903225806451613,0.0700876095118899,0.0179861764175203,"Colon Adenocarcinoma","Blood Derived Normal"
"42",0.887096774193548,0.068922305764411,0.0180378741579093,"Colon Adenocarcinoma","Blood Derived Normal"
"43",0.887096774193548,0.06900878293601,0.0180763747447331,"Colon Adenocarcinoma","Blood Derived Normal"
"44",0.887096774193548,0.0690954773869347,0.0182240126080633,"Colon Adenocarcinoma","Blood Derived Normal"
"45",0.870967741935484,0.0679245283018868,0.0194813005958957,"Colon Adenocarcinoma","Blood Derived Normal"
"46",0.870967741935484,0.0680100755667506,0.0195811682342678,"Colon Adenocarcinoma","Blood Derived Normal"
"47",0.854838709677419,0.0668348045397226,0.0197490196047199,"Colon Adenocarcinoma","Blood Derived Normal"
"48",0.854838709677419,0.0669191919191919,0.0207870611743117,"Colon Adenocarcinoma","Blood Derived Normal"
"49",0.838709677419355,0.0657395701643489,0.0208477784612977,"Colon Adenocarcinoma","Blood Derived Normal"
"50",0.82258064516129,0.0645569620253165,0.0221848193132747,"Colon Adenocarcinoma","Blood Derived Normal"
"51",0.82258064516129,0.064638783269962,0.0222493290766357,"Colon Adenocarcinoma","Blood Derived Normal"
"52",0.82258064516129,0.0647208121827411,0.0222546287758638,"Colon Adenocarcinoma","Blood Derived Normal"
"53",0.82258064516129,0.0648030495552732,0.0227869239116707,"Colon Adenocarcinoma","Blood Derived Normal"
"54",0.82258064516129,0.0648854961832061,0.0229429394539465,"Colon Adenocarcinoma","Blood Derived Normal"
"55",0.82258064516129,0.064968152866242,0.0231779896937758,"Colon Adenocarcinoma","Blood Derived Normal"
"56",0.82258064516129,0.0650510204081633,0.0234682177073743,"Colon Adenocarcinoma","Blood Derived Normal"
"57",0.82258064516129,0.0651340996168582,0.0236444972021944,"Colon Adenocarcinoma","Blood Derived Normal"
"58",0.82258064516129,0.0652173913043478,0.0237727813238862,"Colon Adenocarcinoma","Blood Derived Normal"
"59",0.806451612903226,0.0640204865556978,0.0239271158783501,"Colon Adenocarcinoma","Blood Derived Normal"
"60",0.806451612903226,0.0641025641025641,0.0241789698569102,"Colon Adenocarcinoma","Blood Derived Normal"
"61",0.806451612903226,0.0641848523748395,0.0243851041589178,"Colon Adenocarcinoma","Blood Derived Normal"
"62",0.806451612903226,0.06426735218509,0.024896148669563,"Colon Adenocarcinoma","Blood Derived Normal"
"63",0.806451612903226,0.0643500643500644,0.0250136865437069,"Colon Adenocarcinoma","Blood Derived Normal"
"64",0.806451612903226,0.0644329896907216,0.0253623521252729,"Colon Adenocarcinoma","Blood Derived Normal"
"65",0.806451612903226,0.0645161290322581,0.025696332763867,"Colon Adenocarcinoma","Blood Derived Normal"
"66",0.806451612903226,0.0645994832041344,0.0265579600589136,"Colon Adenocarcinoma","Blood Derived Normal"
"67",0.806451612903226,0.0646830530401035,0.0267914180476776,"Colon Adenocarcinoma","Blood Derived Normal"
"68",0.806451612903226,0.0647668393782383,0.0271034006619569,"Colon Adenocarcinoma","Blood Derived Normal"
"69",0.806451612903226,0.0648508430609598,0.0271432991074715,"Colon Adenocarcinoma","Blood Derived Normal"
"70",0.790322580645161,0.0636363636363636,0.0273863528525436,"Colon Adenocarcinoma","Blood Derived Normal"
"71",0.790322580645161,0.0637191157347204,0.0277694178973658,"Colon Adenocarcinoma","Blood Derived Normal"
"72",0.790322580645161,0.0638020833333333,0.0281079767734826,"Colon Adenocarcinoma","Blood Derived Normal"
"73",0.790322580645161,0.0638852672750978,0.0281734077368396,"Colon Adenocarcinoma","Blood Derived Normal"
"74",0.774193548387097,0.0626631853785901,0.0283268424034456,"Colon Adenocarcinoma","Blood Derived Normal"
"75",0.774193548387097,0.0627450980392157,0.0285198157889911,"Colon Adenocarcinoma","Blood Derived Normal"
"76",0.774193548387097,0.06282722513089,0.0285220756021581,"Colon Adenocarcinoma","Blood Derived Normal"
"77",0.774193548387097,0.0629095674967235,0.0285946396418587,"Colon Adenocarcinoma","Blood Derived Normal"
"78",0.774193548387097,0.062992125984252,0.0286595730998194,"Colon Adenocarcinoma","Blood Derived Normal"
"79",0.774193548387097,0.0630749014454665,0.0287007039920555,"Colon Adenocarcinoma","Blood Derived Normal"
"80",0.774193548387097,0.0631578947368421,0.0287398858965879,"Colon Adenocarcinoma","Blood Derived Normal"
"81",0.758064516129032,0.0619235836627141,0.0288042315455206,"Colon Adenocarcinoma","Blood Derived Normal"
"82",0.758064516129032,0.0620052770448549,0.0289386434243137,"Colon Adenocarcinoma","Blood Derived Normal"
"83",0.758064516129032,0.0620871862615588,0.0293609534792005,"Colon Adenocarcinoma","Blood Derived Normal"
"84",0.758064516129032,0.0621693121693122,0.0298088798343182,"Colon Adenocarcinoma","Blood Derived Normal"
"85",0.758064516129032,0.0622516556291391,0.0298162404970616,"Colon Adenocarcinoma","Blood Derived Normal"
"86",0.758064516129032,0.0623342175066313,0.0306333228991065,"Colon Adenocarcinoma","Blood Derived Normal"
"87",0.758064516129032,0.0624169986719788,0.0306721728520579,"Colon Adenocarcinoma","Blood Derived Normal"
"88",0.758064516129032,0.0625,0.0307079105755377,"Colon Adenocarcinoma","Blood Derived Normal"
"89",0.758064516129032,0.0625832223701731,0.0308048611472828,"Colon Adenocarcinoma","Blood Derived Normal"
"90",0.758064516129032,0.0626666666666667,0.0309225159239128,"Colon Adenocarcinoma","Blood Derived Normal"
"91",0.758064516129032,0.0627503337783712,0.0313146245300438,"Colon Adenocarcinoma","Blood Derived Normal"
"92",0.758064516129032,0.0628342245989305,0.0313960986583362,"Colon Adenocarcinoma","Blood Derived Normal"
"93",0.758064516129032,0.0629183400267738,0.0314775130060524,"Colon Adenocarcinoma","Blood Derived Normal"
"94",0.758064516129032,0.0630026809651475,0.0315366906345496,"Colon Adenocarcinoma","Blood Derived Normal"
"95",0.758064516129032,0.0630872483221477,0.0317919052365062,"Colon Adenocarcinoma","Blood Derived Normal"
"96",0.758064516129032,0.0631720430107527,0.032069981043158,"Colon Adenocarcinoma","Blood Derived Normal"
"97",0.758064516129032,0.063257065948856,0.0320908805818211,"Colon Adenocarcinoma","Blood Derived Normal"
"98",0.758064516129032,0.0633423180592992,0.0324654709274488,"Colon Adenocarcinoma","Blood Derived Normal"
"99",0.758064516129032,0.0634278002699055,0.0325426503098278,"Colon Adenocarcinoma","Blood Derived Normal"
"100",0.758064516129032,0.0635135135135135,0.0326471830738614,"Colon Adenocarcinoma","Blood Derived Normal"
"101",0.741935483870968,0.0622462787550744,0.0335695368617919,"Colon Adenocarcinoma","Blood Derived Normal"
"102",0.741935483870968,0.0623306233062331,0.0336516831210237,"Colon Adenocarcinoma","Blood Derived Normal"
"103",0.741935483870968,0.062415196743555,0.0336956867569359,"Colon Adenocarcinoma","Blood Derived Normal"
"104",0.741935483870968,0.0625,0.0337879359445393,"Colon Adenocarcinoma","Blood Derived Normal"
"105",0.741935483870968,0.0625850340136054,0.0338345233284393,"Colon Adenocarcinoma","Blood Derived Normal"
"106",0.741935483870968,0.0626702997275204,0.0341728489184589,"Colon Adenocarcinoma","Blood Derived Normal"
"107",0.741935483870968,0.0627557980900409,0.0341939445421886,"Colon Adenocarcinoma","Blood Derived Normal"
"108",0.741935483870968,0.0628415300546448,0.0341975324145135,"Colon Adenocarcinoma","Blood Derived Normal"
"109",0.741935483870968,0.0629274965800274,0.0346512213665106,"Colon Adenocarcinoma","Blood Derived Normal"
"110",0.741935483870968,0.063013698630137,0.0346625794160277,"Colon Adenocarcinoma","Blood Derived Normal"
"111",0.741935483870968,0.0631001371742112,0.0351374912367129,"Colon Adenocarcinoma","Blood Derived Normal"
"112",0.741935483870968,0.0631868131868132,0.0352130699062815,"Colon Adenocarcinoma","Blood Derived Normal"
"113",0.725806451612903,0.061898211829436,0.0366515611043605,"Colon Adenocarcinoma","Blood Derived Normal"
"114",0.725806451612903,0.0619834710743802,0.0367421770621398,"Colon Adenocarcinoma","Blood Derived Normal"
"115",0.725806451612903,0.0620689655172414,0.0368242318046015,"Colon Adenocarcinoma","Blood Derived Normal"
"116",0.725806451612903,0.0621546961325967,0.0369064716356394,"Colon Adenocarcinoma","Blood Derived Normal"
"117",0.725806451612903,0.0622406639004149,0.0369273384893595,"Colon Adenocarcinoma","Blood Derived Normal"
"118",0.725806451612903,0.0623268698060942,0.037301199196795,"Colon Adenocarcinoma","Blood Derived Normal"
"119",0.725806451612903,0.0624133148404993,0.0374964317933947,"Colon Adenocarcinoma","Blood Derived Normal"
"120",0.725806451612903,0.0625,0.0375289136126616,"Colon Adenocarcinoma","Blood Derived Normal"
"121",0.709677419354839,0.0611961057023644,0.0376903912966053,"Colon Adenocarcinoma","Blood Derived Normal"
"122",0.693548387096774,0.0598885793871866,0.0376949462362216,"Colon Adenocarcinoma","Blood Derived Normal"
"123",0.693548387096774,0.0599721059972106,0.0378000541943088,"Colon Adenocarcinoma","Blood Derived Normal"
"124",0.693548387096774,0.0600558659217877,0.0379681978248328,"Colon Adenocarcinoma","Blood Derived Normal"
"125",0.693548387096774,0.0601398601398601,0.0380534503613881,"Colon Adenocarcinoma","Blood Derived Normal"
"126",0.693548387096774,0.0602240896358543,0.0380662926013331,"Colon Adenocarcinoma","Blood Derived Normal"
"127",0.693548387096774,0.0603085553997195,0.0381606621206045,"Colon Adenocarcinoma","Blood Derived Normal"
"128",0.67741935483871,0.0589887640449438,0.0382819130042109,"Colon Adenocarcinoma","Blood Derived Normal"
"129",0.67741935483871,0.0590717299578059,0.0385450626066952,"Colon Adenocarcinoma","Blood Derived Normal"
"130",0.67741935483871,0.0591549295774648,0.0385629552857431,"Colon Adenocarcinoma","Blood Derived Normal"
"131",0.67741935483871,0.0592383638928068,0.0386973702740907,"Colon Adenocarcinoma","Blood Derived Normal"
"132",0.67741935483871,0.0593220338983051,0.0388515931543718,"Colon Adenocarcinoma","Blood Derived Normal"
"133",0.67741935483871,0.0594059405940594,0.0392391138075858,"Colon Adenocarcinoma","Blood Derived Normal"
"134",0.67741935483871,0.0594900849858357,0.0392520727002889,"Colon Adenocarcinoma","Blood Derived Normal"
"135",0.67741935483871,0.0595744680851064,0.0395040906727424,"Colon Adenocarcinoma","Blood Derived Normal"
"136",0.67741935483871,0.0596590909090909,0.0395909359796952,"Colon Adenocarcinoma","Blood Derived Normal"
"137",0.67741935483871,0.0597439544807966,0.0399080914689536,"Colon Adenocarcinoma","Blood Derived Normal"
"138",0.67741935483871,0.0598290598290598,0.0401028110062362,"Colon Adenocarcinoma","Blood Derived Normal"
"139",0.67741935483871,0.0599144079885877,0.0404197894920321,"Colon Adenocarcinoma","Blood Derived Normal"
"140",0.67741935483871,0.06,0.0415679638256106,"Colon Adenocarcinoma","Blood Derived Normal"
"141",0.67741935483871,0.0600858369098712,0.0417245692535456,"Colon Adenocarcinoma","Blood Derived Normal"
"142",0.661290322580645,0.0587392550143266,0.0418851560863283,"Colon Adenocarcinoma","Blood Derived Normal"
"143",0.661290322580645,0.0588235294117647,0.0422331721318136,"Colon Adenocarcinoma","Blood Derived Normal"
"144",0.661290322580645,0.0589080459770115,0.0423150488774531,"Colon Adenocarcinoma","Blood Derived Normal"
"145",0.661290322580645,0.0589928057553957,0.0428035374896148,"Colon Adenocarcinoma","Blood Derived Normal"
"146",0.645161290322581,0.0576368876080692,0.0429406883224761,"Colon Adenocarcinoma","Blood Derived Normal"
"147",0.645161290322581,0.0577200577200577,0.0435365187976154,"Colon Adenocarcinoma","Blood Derived Normal"
"148",0.645161290322581,0.0578034682080925,0.0436096147190776,"Colon Adenocarcinoma","Blood Derived Normal"
"149",0.645161290322581,0.0578871201157742,0.0441652161727128,"Colon Adenocarcinoma","Blood Derived Normal"
"150",0.645161290322581,0.0579710144927536,0.0443500335449297,"Colon Adenocarcinoma","Blood Derived Normal"
"151",0.645161290322581,0.058055152394775,0.0443827336917478,"Colon Adenocarcinoma","Blood Derived Normal"
"152",0.629032258064516,0.0566860465116279,0.0443865319200579,"Colon Adenocarcinoma","Blood Derived Normal"
"153",0.629032258064516,0.0567685589519651,0.0444255863646187,"Colon Adenocarcinoma","Blood Derived Normal"
"154",0.629032258064516,0.0568513119533528,0.0445394982691659,"Colon Adenocarcinoma","Blood Derived Normal"
"155",0.629032258064516,0.0569343065693431,0.0447575984852791,"Colon Adenocarcinoma","Blood Derived Normal"
"156",0.629032258064516,0.0570175438596491,0.045079306932548,"Colon Adenocarcinoma","Blood Derived Normal"
"157",0.629032258064516,0.0571010248901903,0.0452865296928479,"Colon Adenocarcinoma","Blood Derived Normal"
"158",0.629032258064516,0.0571847507331378,0.0454743748249699,"Colon Adenocarcinoma","Blood Derived Normal"
"159",0.629032258064516,0.0572687224669604,0.0456899125863671,"Colon Adenocarcinoma","Blood Derived Normal"
"160",0.629032258064516,0.0573529411764706,0.0463711426105868,"Colon Adenocarcinoma","Blood Derived Normal"
"161",0.629032258064516,0.0574374079528719,0.0464298082518281,"Colon Adenocarcinoma","Blood Derived Normal"
"162",0.629032258064516,0.0575221238938053,0.0466300238781827,"Colon Adenocarcinoma","Blood Derived Normal"
"163",0.629032258064516,0.0576070901033973,0.0471133199431987,"Colon Adenocarcinoma","Blood Derived Normal"
"164",0.629032258064516,0.0576923076923077,0.0473425128611509,"Colon Adenocarcinoma","Blood Derived Normal"
"165",0.629032258064516,0.0577777777777778,0.0474078726056448,"Colon Adenocarcinoma","Blood Derived Normal"
"166",0.629032258064516,0.0578635014836795,0.0475084740163978,"Colon Adenocarcinoma","Blood Derived Normal"
"167",0.629032258064516,0.0579494799405646,0.0475960230034542,"Colon Adenocarcinoma","Blood Derived Normal"
"168",0.629032258064516,0.0580357142857143,0.0478103332906246,"Colon Adenocarcinoma","Blood Derived Normal"
"169",0.629032258064516,0.0581222056631893,0.0479379145385243,"Colon Adenocarcinoma","Blood Derived Normal"
"170",0.629032258064516,0.0582089552238806,0.047939739029393,"Colon Adenocarcinoma","Blood Derived Normal"
"171",0.629032258064516,0.0582959641255605,0.0479990344338256,"Colon Adenocarcinoma","Blood Derived Normal"
"172",0.629032258064516,0.0583832335329341,0.0480610537288182,"Colon Adenocarcinoma","Blood Derived Normal"
"173",0.629032258064516,0.0584707646176912,0.0481080064732058,"Colon Adenocarcinoma","Blood Derived Normal"
"174",0.629032258064516,0.0585585585585586,0.048323177315852,"Colon Adenocarcinoma","Blood Derived Normal"
"175",0.629032258064516,0.0586466165413534,0.0484807999341857,"Colon Adenocarcinoma","Blood Derived Normal"
"176",0.629032258064516,0.0587349397590361,0.0485432573270058,"Colon Adenocarcinoma","Blood Derived Normal"
"177",0.629032258064516,0.0588235294117647,0.0496970324508821,"Colon Adenocarcinoma","Blood Derived Normal"
"178",0.629032258064516,0.0589123867069486,0.0497014488352306,"Colon Adenocarcinoma","Blood Derived Normal"
"179",0.612903225806452,0.0574886535552194,0.0501595473401075,"Colon Adenocarcinoma","Blood Derived Normal"
"180",0.612903225806452,0.0575757575757576,0.0502221198285089,"Colon Adenocarcinoma","Blood Derived Normal"
"181",0.612903225806452,0.0576631259484067,0.0503943036783374,"Colon Adenocarcinoma","Blood Derived Normal"
"182",0.612903225806452,0.0577507598784195,0.0504304325603455,"Colon Adenocarcinoma","Blood Derived Normal"
"183",0.612903225806452,0.0578386605783866,0.0509014596221179,"Colon Adenocarcinoma","Blood Derived Normal"
"184",0.612903225806452,0.0579268292682927,0.0510714510022439,"Colon Adenocarcinoma","Blood Derived Normal"
"185",0.612903225806452,0.0580152671755725,0.0511852213371311,"Colon Adenocarcinoma","Blood Derived Normal"
"186",0.612903225806452,0.0581039755351682,0.0512966040874011,"Colon Adenocarcinoma","Blood Derived Normal"
"187",0.612903225806452,0.0581929555895865,0.0515332375795324,"Colon Adenocarcinoma","Blood Derived Normal"
"188",0.612903225806452,0.0582822085889571,0.0517337786314551,"Colon Adenocarcinoma","Blood Derived Normal"
"189",0.612903225806452,0.0583717357910906,0.0517567626467051,"Colon Adenocarcinoma","Blood Derived Normal"
"190",0.612903225806452,0.0584615384615385,0.0520256032901179,"Colon Adenocarcinoma","Blood Derived Normal"
"191",0.612903225806452,0.0585516178736518,0.052053663176817,"Colon Adenocarcinoma","Blood Derived Normal"
"192",0.612903225806452,0.058641975308642,0.0521733238754125,"Colon Adenocarcinoma","Blood Derived Normal"
"193",0.612903225806452,0.0587326120556414,0.052325675439566,"Colon Adenocarcinoma","Blood Derived Normal"
"194",0.612903225806452,0.0588235294117647,0.0527052074146739,"Colon Adenocarcinoma","Blood Derived Normal"
"195",0.612903225806452,0.0589147286821705,0.0528409341372467,"Colon Adenocarcinoma","Blood Derived Normal"
"196",0.612903225806452,0.0590062111801242,0.0534628142647786,"Colon Adenocarcinoma","Blood Derived Normal"
"197",0.612903225806452,0.0590979782270607,0.0538276473492192,"Colon Adenocarcinoma","Blood Derived Normal"
"198",0.612903225806452,0.059190031152648,0.0542101342480807,"Colon Adenocarcinoma","Blood Derived Normal"
"199",0.612903225806452,0.0592823712948518,0.0544202560773994,"Colon Adenocarcinoma","Blood Derived Normal"
"200",0.612903225806452,0.059375,0.0545218728892229,"Colon Adenocarcinoma","Blood Derived Normal"
"201",0.612903225806452,0.0594679186228482,0.0545520652487168,"Colon Adenocarcinoma","Blood Derived Normal"
"202",0.612903225806452,0.0595611285266458,0.0547148573629258,"Colon Adenocarcinoma","Blood Derived Normal"
"203",0.612903225806452,0.0596546310832025,0.0547762712373753,"Colon Adenocarcinoma","Blood Derived Normal"
"204",0.612903225806452,0.059748427672956,0.054826806288508,"Colon Adenocarcinoma","Blood Derived Normal"
"205",0.612903225806452,0.0598425196850394,0.0555758799210744,"Colon Adenocarcinoma","Blood Derived Normal"
"206",0.612903225806452,0.0599369085173502,0.055940522047043,"Colon Adenocarcinoma","Blood Derived Normal"
"207",0.612903225806452,0.0600315955766193,0.0565923541127823,"Colon Adenocarcinoma","Blood Derived Normal"
"208",0.612903225806452,0.060126582278481,0.0565938423287503,"Colon Adenocarcinoma","Blood Derived Normal"
"209",0.612903225806452,0.0602218700475436,0.056733410218634,"Colon Adenocarcinoma","Blood Derived Normal"
"210",0.612903225806452,0.0603174603174603,0.0567628549559488,"Colon Adenocarcinoma","Blood Derived Normal"
"211",0.612903225806452,0.0604133545310016,0.056976539431182,"Colon Adenocarcinoma","Blood Derived Normal"
"212",0.612903225806452,0.0605095541401274,0.0570643197897717,"Colon Adenocarcinoma","Blood Derived Normal"
"213",0.612903225806452,0.0606060606060606,0.0571601429522827,"Colon Adenocarcinoma","Blood Derived Normal"
"214",0.612903225806452,0.060702875399361,0.0572513150984707,"Colon Adenocarcinoma","Blood Derived Normal"
"215",0.596774193548387,0.0592,0.0577632623896877,"Colon Adenocarcinoma","Blood Derived Normal"
"216",0.580645161290323,0.0576923076923077,0.0583467190460669,"Colon Adenocarcinoma","Blood Derived Normal"
"217",0.580645161290323,0.057784911717496,0.0584302040472566,"Colon Adenocarcinoma","Blood Derived Normal"
"218",0.564516129032258,0.0562700964630225,0.0590833830187983,"Colon Adenocarcinoma","Blood Derived Normal"
"219",0.564516129032258,0.0563607085346216,0.0594826045067205,"Colon Adenocarcinoma","Blood Derived Normal"
"220",0.548387096774194,0.0548387096774194,0.0595765066827678,"Colon Adenocarcinoma","Blood Derived Normal"
"221",0.548387096774194,0.0549273021001615,0.059844116919664,"Colon Adenocarcinoma","Blood Derived Normal"
"222",0.548387096774194,0.0550161812297735,0.0599471155862158,"Colon Adenocarcinoma","Blood Derived Normal"
"223",0.532258064516129,0.053484602917342,0.0600522621820583,"Colon Adenocarcinoma","Blood Derived Normal"
"224",0.532258064516129,0.0535714285714286,0.0604420339256045,"Colon Adenocarcinoma","Blood Derived Normal"
"225",0.532258064516129,0.0536585365853659,0.0605392314307357,"Colon Adenocarcinoma","Blood Derived Normal"
"226",0.532258064516129,0.0537459283387622,0.0605662372547994,"Colon Adenocarcinoma","Blood Derived Normal"
"227",0.516129032258065,0.0522022838499184,0.0607602073907297,"Colon Adenocarcinoma","Blood Derived Normal"
"228",0.516129032258065,0.0522875816993464,0.061157711010299,"Colon Adenocarcinoma","Blood Derived Normal"
"229",0.516129032258065,0.0523731587561375,0.0612024041654782,"Colon Adenocarcinoma","Blood Derived Normal"
"230",0.516129032258065,0.0524590163934426,0.0615709994774411,"Colon Adenocarcinoma","Blood Derived Normal"
"231",0.516129032258065,0.0525451559934319,0.0620525897067866,"Colon Adenocarcinoma","Blood Derived Normal"
"232",0.516129032258065,0.0526315789473684,0.0621512756155262,"Colon Adenocarcinoma","Blood Derived Normal"
"233",0.516129032258065,0.0527182866556837,0.0623243182731002,"Colon Adenocarcinoma","Blood Derived Normal"
"234",0.516129032258065,0.0528052805280528,0.0625346829676429,"Colon Adenocarcinoma","Blood Derived Normal"
"235",0.516129032258065,0.0528925619834711,0.06294224177571,"Colon Adenocarcinoma","Blood Derived Normal"
"236",0.516129032258065,0.0529801324503311,0.063470262755564,"Colon Adenocarcinoma","Blood Derived Normal"
"237",0.5,0.0514096185737977,0.0644967257290614,"Colon Adenocarcinoma","Blood Derived Normal"
"238",0.5,0.0514950166112957,0.0645779848138534,"Colon Adenocarcinoma","Blood Derived Normal"
"239",0.5,0.0515806988352745,0.0649034777354113,"Colon Adenocarcinoma","Blood Derived Normal"
"240",0.5,0.0516666666666667,0.0650245132569719,"Colon Adenocarcinoma","Blood Derived Normal"
"241",0.5,0.0517529215358932,0.0653190219556024,"Colon Adenocarcinoma","Blood Derived Normal"
"242",0.5,0.0518394648829431,0.0656529841481122,"Colon Adenocarcinoma","Blood Derived Normal"
"243",0.5,0.0519262981574539,0.0658846154577358,"Colon Adenocarcinoma","Blood Derived Normal"
"244",0.5,0.0520134228187919,0.0661121867290799,"Colon Adenocarcinoma","Blood Derived Normal"
"245",0.5,0.0521008403361345,0.0669729915300122,"Colon Adenocarcinoma","Blood Derived Normal"
"246",0.5,0.0521885521885522,0.0673240166298636,"Colon Adenocarcinoma","Blood Derived Normal"
"247",0.5,0.0522765598650927,0.0676459088633802,"Colon Adenocarcinoma","Blood Derived Normal"
"248",0.5,0.0523648648648649,0.0677978031768127,"Colon Adenocarcinoma","Blood Derived Normal"
"249",0.5,0.0524534686971235,0.0680324648535518,"Colon Adenocarcinoma","Blood Derived Normal"
"250",0.5,0.0525423728813559,0.0681873248016848,"Colon Adenocarcinoma","Blood Derived Normal"
"251",0.5,0.0526315789473684,0.0686565000580015,"Colon Adenocarcinoma","Blood Derived Normal"
"252",0.5,0.0527210884353742,0.0686592245507335,"Colon Adenocarcinoma","Blood Derived Normal"
"253",0.5,0.0528109028960818,0.0686835944555412,"Colon Adenocarcinoma","Blood Derived Normal"
"254",0.5,0.052901023890785,0.0687570923859156,"Colon Adenocarcinoma","Blood Derived Normal"
"255",0.5,0.052991452991453,0.0689279729239894,"Colon Adenocarcinoma","Blood Derived Normal"
"256",0.5,0.0530821917808219,0.0690111884814617,"Colon Adenocarcinoma","Blood Derived Normal"
"257",0.5,0.0531732418524871,0.0694761563239743,"Colon Adenocarcinoma","Blood Derived Normal"
"258",0.483870967741935,0.0515463917525773,0.0695157167000544,"Colon Adenocarcinoma","Blood Derived Normal"
"259",0.483870967741935,0.0516351118760757,0.0701890156116828,"Colon Adenocarcinoma","Blood Derived Normal"
"260",0.467741935483871,0.05,0.0706286062639752,"Colon Adenocarcinoma","Blood Derived Normal"
"261",0.451612903225806,0.0483592400690846,0.07081510195756,"Colon Adenocarcinoma","Blood Derived Normal"
"262",0.451612903225806,0.0484429065743945,0.0710293679865099,"Colon Adenocarcinoma","Blood Derived Normal"
"263",0.451612903225806,0.048526863084922,0.0712184876454717,"Colon Adenocarcinoma","Blood Derived Normal"
"264",0.451612903225806,0.0486111111111111,0.0712450432667382,"Colon Adenocarcinoma","Blood Derived Normal"
"265",0.435483870967742,0.0469565217391304,0.0713371277721844,"Colon Adenocarcinoma","Blood Derived Normal"
"266",0.419354838709677,0.0452961672473868,0.0714140040466783,"Colon Adenocarcinoma","Blood Derived Normal"
"267",0.419354838709677,0.0453752181500873,0.0715339399025984,"Colon Adenocarcinoma","Blood Derived Normal"
"268",0.419354838709677,0.0454545454545455,0.0715778597490553,"Colon Adenocarcinoma","Blood Derived Normal"
"269",0.419354838709677,0.0455341506129597,0.0717952145205996,"Colon Adenocarcinoma","Blood Derived Normal"
"270",0.419354838709677,0.0456140350877193,0.071857080733955,"Colon Adenocarcinoma","Blood Derived Normal"
"271",0.419354838709677,0.0456942003514939,0.0722231056297999,"Colon Adenocarcinoma","Blood Derived Normal"
"272",0.419354838709677,0.0457746478873239,0.0723359498574935,"Colon Adenocarcinoma","Blood Derived Normal"
"273",0.419354838709677,0.0458553791887125,0.0723434940590692,"Colon Adenocarcinoma","Blood Derived Normal"
"274",0.419354838709677,0.0459363957597173,0.0724804447251783,"Colon Adenocarcinoma","Blood Derived Normal"
"275",0.419354838709677,0.0460176991150442,0.0729317078711028,"Colon Adenocarcinoma","Blood Derived Normal"
"276",0.419354838709677,0.0460992907801418,0.0730253976037309,"Colon Adenocarcinoma","Blood Derived Normal"
"277",0.419354838709677,0.0461811722912966,0.0733121962690871,"Colon Adenocarcinoma","Blood Derived Normal"
"278",0.419354838709677,0.0462633451957295,0.0733572419509332,"Colon Adenocarcinoma","Blood Derived Normal"
"279",0.419354838709677,0.0463458110516934,0.0736033806843716,"Colon Adenocarcinoma","Blood Derived Normal"
"280",0.419354838709677,0.0464285714285714,0.0742662654599997,"Colon Adenocarcinoma","Blood Derived Normal"
"281",0.419354838709677,0.0465116279069767,0.0745842579341658,"Colon Adenocarcinoma","Blood Derived Normal"
"282",0.419354838709677,0.046594982078853,0.0750512052340389,"Colon Adenocarcinoma","Blood Derived Normal"
"283",0.419354838709677,0.0466786355475763,0.0751251046523088,"Colon Adenocarcinoma","Blood Derived Normal"
"284",0.419354838709677,0.0467625899280576,0.0753226878656171,"Colon Adenocarcinoma","Blood Derived Normal"
"285",0.403225806451613,0.045045045045045,0.075433843450211,"Colon Adenocarcinoma","Blood Derived Normal"
"286",0.403225806451613,0.0451263537906137,0.0755785606210982,"Colon Adenocarcinoma","Blood Derived Normal"
"287",0.403225806451613,0.0452079566003617,0.0760642489366277,"Colon Adenocarcinoma","Blood Derived Normal"
"288",0.403225806451613,0.0452898550724638,0.076232713936121,"Colon Adenocarcinoma","Blood Derived Normal"
"289",0.403225806451613,0.0453720508166969,0.0766086757882661,"Colon Adenocarcinoma","Blood Derived Normal"
"290",0.403225806451613,0.0454545454545455,0.0766707402591614,"Colon Adenocarcinoma","Blood Derived Normal"
"291",0.403225806451613,0.0455373406193078,0.0770446496298621,"Colon Adenocarcinoma","Blood Derived Normal"
"292",0.387096774193548,0.0437956204379562,0.0773432668760229,"Colon Adenocarcinoma","Blood Derived Normal"
"293",0.387096774193548,0.0438756855575868,0.0774058523128276,"Colon Adenocarcinoma","Blood Derived Normal"
"294",0.387096774193548,0.043956043956044,0.0774987773329686,"Colon Adenocarcinoma","Blood Derived Normal"
"295",0.387096774193548,0.0440366972477064,0.0775028913822636,"Colon Adenocarcinoma","Blood Derived Normal"
"296",0.387096774193548,0.0441176470588235,0.0776381275076922,"Colon Adenocarcinoma","Blood Derived Normal"
"297",0.387096774193548,0.0441988950276243,0.0777169877705893,"Colon Adenocarcinoma","Blood Derived Normal"
"298",0.370967741935484,0.0424354243542435,0.0779329990346259,"Colon Adenocarcinoma","Blood Derived Normal"
"299",0.370967741935484,0.0425138632162662,0.0783620503203165,"Colon Adenocarcinoma","Blood Derived Normal"
"300",0.370967741935484,0.0425925925925926,0.0791154154084694,"Colon Adenocarcinoma","Blood Derived Normal"
"301",0.370967741935484,0.0426716141001855,0.0792247892970999,"Colon Adenocarcinoma","Blood Derived Normal"
"302",0.370967741935484,0.0427509293680297,0.0792477472084572,"Colon Adenocarcinoma","Blood Derived Normal"
"303",0.370967741935484,0.042830540037244,0.0793257228682296,"Colon Adenocarcinoma","Blood Derived Normal"
"304",0.370967741935484,0.042910447761194,0.0793337787499918,"Colon Adenocarcinoma","Blood Derived Normal"
"305",0.370967741935484,0.0429906542056075,0.0798344310596629,"Colon Adenocarcinoma","Blood Derived Normal"
"306",0.370967741935484,0.0430711610486891,0.0802647543988283,"Colon Adenocarcinoma","Blood Derived Normal"
"307",0.370967741935484,0.0431519699812383,0.08086447172273,"Colon Adenocarcinoma","Blood Derived Normal"
"308",0.370967741935484,0.0432330827067669,0.0809027912184052,"Colon Adenocarcinoma","Blood Derived Normal"
"309",0.370967741935484,0.0433145009416196,0.0811902557746193,"Colon Adenocarcinoma","Blood Derived Normal"
"310",0.370967741935484,0.0433962264150943,0.0812161768912883,"Colon Adenocarcinoma","Blood Derived Normal"
"311",0.370967741935484,0.0434782608695652,0.0815301668996667,"Colon Adenocarcinoma","Blood Derived Normal"
"312",0.370967741935484,0.0435606060606061,0.0815951300143248,"Colon Adenocarcinoma","Blood Derived Normal"
"313",0.370967741935484,0.0436432637571157,0.0816256168573018,"Colon Adenocarcinoma","Blood Derived Normal"
"314",0.370967741935484,0.0437262357414449,0.0817941185893483,"Colon Adenocarcinoma","Blood Derived Normal"
"315",0.354838709677419,0.0419047619047619,0.0821981713341562,"Colon Adenocarcinoma","Blood Derived Normal"
"316",0.354838709677419,0.0419847328244275,0.082685766169432,"Colon Adenocarcinoma","Blood Derived Normal"
"317",0.354838709677419,0.0420650095602294,0.0830274340964546,"Colon Adenocarcinoma","Blood Derived Normal"
"318",0.354838709677419,0.0421455938697318,0.0830349013029499,"Colon Adenocarcinoma","Blood Derived Normal"
"319",0.354838709677419,0.0422264875239923,0.0831578507252878,"Colon Adenocarcinoma","Blood Derived Normal"
"320",0.354838709677419,0.0423076923076923,0.0832695498897776,"Colon Adenocarcinoma","Blood Derived Normal"
"321",0.354838709677419,0.0423892100192678,0.0833696173270872,"Colon Adenocarcinoma","Blood Derived Normal"
"322",0.354838709677419,0.0424710424710425,0.0835993349810509,"Colon Adenocarcinoma","Blood Derived Normal"
"323",0.354838709677419,0.0425531914893617,0.0838213239128219,"Colon Adenocarcinoma","Blood Derived Normal"
"324",0.354838709677419,0.0426356589147287,0.0839161520068189,"Colon Adenocarcinoma","Blood Derived Normal"
"325",0.354838709677419,0.0427184466019417,0.0842337823673956,"Colon Adenocarcinoma","Blood Derived Normal"
"326",0.354838709677419,0.0428015564202335,0.0842818408535613,"Colon Adenocarcinoma","Blood Derived Normal"
"327",0.354838709677419,0.0428849902534113,0.0842853499697775,"Colon Adenocarcinoma","Blood Derived Normal"
"328",0.354838709677419,0.04296875,0.0843870291286022,"Colon Adenocarcinoma","Blood Derived Normal"
"329",0.354838709677419,0.0430528375733855,0.0844202055214591,"Colon Adenocarcinoma","Blood Derived Normal"
"330",0.354838709677419,0.0431372549019608,0.0844535334924977,"Colon Adenocarcinoma","Blood Derived Normal"
"331",0.354838709677419,0.0432220039292731,0.0851395782133651,"Colon Adenocarcinoma","Blood Derived Normal"
"332",0.354838709677419,0.0433070866141732,0.0856842371329792,"Colon Adenocarcinoma","Blood Derived Normal"
"333",0.354838709677419,0.0433925049309665,0.0863227145974869,"Colon Adenocarcinoma","Blood Derived Normal"
"334",0.354838709677419,0.0434782608695652,0.0868149649671662,"Colon Adenocarcinoma","Blood Derived Normal"
"335",0.354838709677419,0.0435643564356436,0.0869488707564769,"Colon Adenocarcinoma","Blood Derived Normal"
"336",0.354838709677419,0.0436507936507936,0.0869773461268162,"Colon Adenocarcinoma","Blood Derived Normal"
"337",0.354838709677419,0.0437375745526839,0.0873272747435052,"Colon Adenocarcinoma","Blood Derived Normal"
"338",0.354838709677419,0.0438247011952191,0.0873428532614697,"Colon Adenocarcinoma","Blood Derived Normal"
"339",0.354838709677419,0.0439121756487026,0.0881487471629299,"Colon Adenocarcinoma","Blood Derived Normal"
"340",0.354838709677419,0.044,0.0881585552911426,"Colon Adenocarcinoma","Blood Derived Normal"
"341",0.354838709677419,0.0440881763527054,0.0885792263955777,"Colon Adenocarcinoma","Blood Derived Normal"
"342",0.354838709677419,0.0441767068273092,0.0886718993706866,"Colon Adenocarcinoma","Blood Derived Normal"
"343",0.354838709677419,0.0442655935613682,0.0887973686943668,"Colon Adenocarcinoma","Blood Derived Normal"
"344",0.354838709677419,0.0443548387096774,0.089528119974749,"Colon Adenocarcinoma","Blood Derived Normal"
"345",0.354838709677419,0.0444444444444444,0.0897082653503334,"Colon Adenocarcinoma","Blood Derived Normal"
"346",0.354838709677419,0.0445344129554656,0.0900559971316433,"Colon Adenocarcinoma","Blood Derived Normal"
"347",0.354838709677419,0.0446247464503043,0.090321645803915,"Colon Adenocarcinoma","Blood Derived Normal"
"348",0.354838709677419,0.0447154471544715,0.0904553607841928,"Colon Adenocarcinoma","Blood Derived Normal"
"349",0.354838709677419,0.044806517311609,0.0907264715402835,"Colon Adenocarcinoma","Blood Derived Normal"
"350",0.354838709677419,0.0448979591836735,0.0908645888687133,"Colon Adenocarcinoma","Blood Derived Normal"
"351",0.354838709677419,0.0449897750511247,0.0911658050742354,"Colon Adenocarcinoma","Blood Derived Normal"
"352",0.354838709677419,0.0450819672131148,0.0912303017686512,"Colon Adenocarcinoma","Blood Derived Normal"
"353",0.354838709677419,0.0451745379876797,0.0915804037311687,"Colon Adenocarcinoma","Blood Derived Normal"
"354",0.354838709677419,0.0452674897119342,0.0917270282998473,"Colon Adenocarcinoma","Blood Derived Normal"
"355",0.354838709677419,0.045360824742268,0.0918104830095523,"Colon Adenocarcinoma","Blood Derived Normal"
"356",0.354838709677419,0.0454545454545455,0.0919537790607401,"Colon Adenocarcinoma","Blood Derived Normal"
"357",0.354838709677419,0.0455486542443064,0.0920625179518364,"Colon Adenocarcinoma","Blood Derived Normal"
"358",0.354838709677419,0.045643153526971,0.0926782324218711,"Colon Adenocarcinoma","Blood Derived Normal"
"359",0.354838709677419,0.0457380457380457,0.0934986827663812,"Colon Adenocarcinoma","Blood Derived Normal"
"360",0.354838709677419,0.0458333333333333,0.0935396753913869,"Colon Adenocarcinoma","Blood Derived Normal"
"361",0.354838709677419,0.0459290187891441,0.093642820229624,"Colon Adenocarcinoma","Blood Derived Normal"
"362",0.354838709677419,0.0460251046025105,0.0946958691617998,"Colon Adenocarcinoma","Blood Derived Normal"
"363",0.354838709677419,0.0461215932914046,0.0951603391737301,"Colon Adenocarcinoma","Blood Derived Normal"
"364",0.354838709677419,0.046218487394958,0.0951839542702686,"Colon Adenocarcinoma","Blood Derived Normal"
"365",0.354838709677419,0.0463157894736842,0.096640050761833,"Colon Adenocarcinoma","Blood Derived Normal"
"366",0.354838709677419,0.0464135021097046,0.0967661313473052,"Colon Adenocarcinoma","Blood Derived Normal"
"367",0.354838709677419,0.0465116279069767,0.0968956775399752,"Colon Adenocarcinoma","Blood Derived Normal"
"368",0.354838709677419,0.0466101694915254,0.0971307829871718,"Colon Adenocarcinoma","Blood Derived Normal"
"369",0.354838709677419,0.0467091295116773,0.0978812694642881,"Colon Adenocarcinoma","Blood Derived Normal"
"370",0.354838709677419,0.0468085106382979,0.0980561573758827,"Colon Adenocarcinoma","Blood Derived Normal"
"371",0.354838709677419,0.046908315565032,0.0989817754238977,"Colon Adenocarcinoma","Blood Derived Normal"
"372",0.354838709677419,0.047008547008547,0.0992247482498268,"Colon Adenocarcinoma","Blood Derived Normal"
"373",0.354838709677419,0.0471092077087794,0.0995335449126828,"Colon Adenocarcinoma","Blood Derived Normal"
"374",0.354838709677419,0.0472103004291846,0.100185485999172,"Colon Adenocarcinoma","Blood Derived Normal"
"375",0.354838709677419,0.0473118279569892,0.100470467342354,"Colon Adenocarcinoma","Blood Derived Normal"
"376",0.338709677419355,0.0452586206896552,0.100619449602226,"Colon Adenocarcinoma","Blood Derived Normal"
"377",0.338709677419355,0.0453563714902808,0.100624701398891,"Colon Adenocarcinoma","Blood Derived Normal"
"378",0.338709677419355,0.0454545454545455,0.100696824384242,"Colon Adenocarcinoma","Blood Derived Normal"
"379",0.338709677419355,0.0455531453362256,0.101429406845036,"Colon Adenocarcinoma","Blood Derived Normal"
"380",0.338709677419355,0.0456521739130435,0.101470930361151,"Colon Adenocarcinoma","Blood Derived Normal"
"381",0.338709677419355,0.0457516339869281,0.102241869780231,"Colon Adenocarcinoma","Blood Derived Normal"
"382",0.338709677419355,0.0458515283842795,0.102506603153422,"Colon Adenocarcinoma","Blood Derived Normal"
"383",0.338709677419355,0.0459518599562363,0.102743250463687,"Colon Adenocarcinoma","Blood Derived Normal"
"384",0.338709677419355,0.0460526315789474,0.103036647649625,"Colon Adenocarcinoma","Blood Derived Normal"
"385",0.338709677419355,0.0461538461538462,0.103109078921078,"Colon Adenocarcinoma","Blood Derived Normal"
"386",0.338709677419355,0.0462555066079295,0.103259121020305,"Colon Adenocarcinoma","Blood Derived Normal"
"387",0.338709677419355,0.0463576158940397,0.103292944695866,"Colon Adenocarcinoma","Blood Derived Normal"
"388",0.338709677419355,0.0464601769911504,0.103322630757242,"Colon Adenocarcinoma","Blood Derived Normal"
"389",0.338709677419355,0.0465631929046563,0.103395338715178,"Colon Adenocarcinoma","Blood Derived Normal"
"390",0.338709677419355,0.0466666666666667,0.103558507964554,"Colon Adenocarcinoma","Blood Derived Normal"
"391",0.338709677419355,0.0467706013363029,0.10358079935136,"Colon Adenocarcinoma","Blood Derived Normal"
"392",0.338709677419355,0.046875,0.103611195227124,"Colon Adenocarcinoma","Blood Derived Normal"
"393",0.338709677419355,0.0469798657718121,0.103878217726248,"Colon Adenocarcinoma","Blood Derived Normal"
"394",0.32258064516129,0.0448430493273543,0.104220603021353,"Colon Adenocarcinoma","Blood Derived Normal"
"395",0.32258064516129,0.0449438202247191,0.104239949880329,"Colon Adenocarcinoma","Blood Derived Normal"
"396",0.32258064516129,0.045045045045045,0.104260969690115,"Colon Adenocarcinoma","Blood Derived Normal"
"397",0.306451612903226,0.0428893905191874,0.104265786616884,"Colon Adenocarcinoma","Blood Derived Normal"
"398",0.306451612903226,0.0429864253393665,0.10466085267336,"Colon Adenocarcinoma","Blood Derived Normal"
"399",0.306451612903226,0.0430839002267574,0.104806176071921,"Colon Adenocarcinoma","Blood Derived Normal"
"400",0.306451612903226,0.0431818181818182,0.104906414403701,"Colon Adenocarcinoma","Blood Derived Normal"
"401",0.306451612903226,0.0432801822323462,0.105285710433804,"Colon Adenocarcinoma","Blood Derived Normal"
"402",0.306451612903226,0.04337899543379,0.105907089429664,"Colon Adenocarcinoma","Blood Derived Normal"
"403",0.306451612903226,0.0434782608695652,0.105993961875003,"Colon Adenocarcinoma","Blood Derived Normal"
"404",0.306451612903226,0.0435779816513761,0.106080990040283,"Colon Adenocarcinoma","Blood Derived Normal"
"405",0.306451612903226,0.0436781609195402,0.106474339243144,"Colon Adenocarcinoma","Blood Derived Normal"
"406",0.306451612903226,0.043778801843318,0.107378641557842,"Colon Adenocarcinoma","Blood Derived Normal"
"407",0.306451612903226,0.0438799076212471,0.107526135782494,"Colon Adenocarcinoma","Blood Derived Normal"
"408",0.306451612903226,0.0439814814814815,0.107815227818238,"Colon Adenocarcinoma","Blood Derived Normal"
"409",0.306451612903226,0.0440835266821346,0.107925497899054,"Colon Adenocarcinoma","Blood Derived Normal"
"410",0.306451612903226,0.0441860465116279,0.108358228029687,"Colon Adenocarcinoma","Blood Derived Normal"
"411",0.306451612903226,0.0442890442890443,0.108488072965707,"Colon Adenocarcinoma","Blood Derived Normal"
"412",0.290322580645161,0.0420560747663551,0.108571138301915,"Colon Adenocarcinoma","Blood Derived Normal"
"413",0.274193548387097,0.0398126463700234,0.108764651677154,"Colon Adenocarcinoma","Blood Derived Normal"
"414",0.274193548387097,0.039906103286385,0.10894833025727,"Colon Adenocarcinoma","Blood Derived Normal"
"415",0.274193548387097,0.04,0.109203297756089,"Colon Adenocarcinoma","Blood Derived Normal"
"416",0.258064516129032,0.0377358490566038,0.109258007886771,"Colon Adenocarcinoma","Blood Derived Normal"
"417",0.258064516129032,0.0378250591016548,0.109623201141836,"Colon Adenocarcinoma","Blood Derived Normal"
"418",0.258064516129032,0.037914691943128,0.109741192605161,"Colon Adenocarcinoma","Blood Derived Normal"
"419",0.258064516129032,0.0380047505938242,0.1101673773484,"Colon Adenocarcinoma","Blood Derived Normal"
"420",0.258064516129032,0.0380952380952381,0.110175723135193,"Colon Adenocarcinoma","Blood Derived Normal"
"421",0.258064516129032,0.0381861575178998,0.110437152983274,"Colon Adenocarcinoma","Blood Derived Normal"
"422",0.258064516129032,0.0382775119617225,0.110943204678249,"Colon Adenocarcinoma","Blood Derived Normal"
"423",0.258064516129032,0.0383693045563549,0.111100721818129,"Colon Adenocarcinoma","Blood Derived Normal"
"424",0.258064516129032,0.0384615384615385,0.111774825629875,"Colon Adenocarcinoma","Blood Derived Normal"
"425",0.258064516129032,0.0385542168674699,0.111842055736373,"Colon Adenocarcinoma","Blood Derived Normal"
"426",0.258064516129032,0.0386473429951691,0.112035782540497,"Colon Adenocarcinoma","Blood Derived Normal"
"427",0.258064516129032,0.0387409200968523,0.112045091142961,"Colon Adenocarcinoma","Blood Derived Normal"
"428",0.241935483870968,0.0364077669902913,0.112481752095708,"Colon Adenocarcinoma","Blood Derived Normal"
"429",0.241935483870968,0.0364963503649635,0.11268128725465,"Colon Adenocarcinoma","Blood Derived Normal"
"430",0.241935483870968,0.0365853658536585,0.11310365293239,"Colon Adenocarcinoma","Blood Derived Normal"
"431",0.241935483870968,0.0366748166259169,0.113288051066207,"Colon Adenocarcinoma","Blood Derived Normal"
"432",0.241935483870968,0.0367647058823529,0.113416868100282,"Colon Adenocarcinoma","Blood Derived Normal"
"433",0.241935483870968,0.0368550368550369,0.113780814710868,"Colon Adenocarcinoma","Blood Derived Normal"
"434",0.241935483870968,0.0369458128078818,0.114252383478228,"Colon Adenocarcinoma","Blood Derived Normal"
"435",0.241935483870968,0.037037037037037,0.114406040416509,"Colon Adenocarcinoma","Blood Derived Normal"
"436",0.241935483870968,0.0371287128712871,0.115195682186647,"Colon Adenocarcinoma","Blood Derived Normal"
"437",0.241935483870968,0.0372208436724566,0.116212438789882,"Colon Adenocarcinoma","Blood Derived Normal"
"438",0.241935483870968,0.0373134328358209,0.116526523568297,"Colon Adenocarcinoma","Blood Derived Normal"
"439",0.241935483870968,0.0374064837905237,0.116968662364887,"Colon Adenocarcinoma","Blood Derived Normal"
"440",0.241935483870968,0.0375,0.117153171342929,"Colon Adenocarcinoma","Blood Derived Normal"
"441",0.241935483870968,0.037593984962406,0.118244612924673,"Colon Adenocarcinoma","Blood Derived Normal"
"442",0.241935483870968,0.0376884422110553,0.119084247221848,"Colon Adenocarcinoma","Blood Derived Normal"
"443",0.241935483870968,0.0377833753148615,0.119825735531786,"Colon Adenocarcinoma","Blood Derived Normal"
"444",0.241935483870968,0.0378787878787879,0.119827434080071,"Colon Adenocarcinoma","Blood Derived Normal"
"445",0.241935483870968,0.0379746835443038,0.120092248630536,"Colon Adenocarcinoma","Blood Derived Normal"
"446",0.241935483870968,0.0380710659898477,0.120161083594613,"Colon Adenocarcinoma","Blood Derived Normal"
"447",0.241935483870968,0.0381679389312977,0.1203939762338,"Colon Adenocarcinoma","Blood Derived Normal"
"448",0.241935483870968,0.038265306122449,0.120731124647349,"Colon Adenocarcinoma","Blood Derived Normal"
"449",0.241935483870968,0.0383631713554987,0.120917598513252,"Colon Adenocarcinoma","Blood Derived Normal"
"450",0.225806451612903,0.0358974358974359,0.121204924548378,"Colon Adenocarcinoma","Blood Derived Normal"
"451",0.225806451612903,0.0359897172236504,0.121420449980095,"Colon Adenocarcinoma","Blood Derived Normal"
"452",0.225806451612903,0.0360824742268041,0.12175863377581,"Colon Adenocarcinoma","Blood Derived Normal"
"453",0.225806451612903,0.0361757105943152,0.121761111667933,"Colon Adenocarcinoma","Blood Derived Normal"
"454",0.225806451612903,0.0362694300518135,0.121835234961189,"Colon Adenocarcinoma","Blood Derived Normal"
"455",0.225806451612903,0.0363636363636364,0.122029932770701,"Colon Adenocarcinoma","Blood Derived Normal"
"456",0.225806451612903,0.0364583333333333,0.122705337520579,"Colon Adenocarcinoma","Blood Derived Normal"
"457",0.225806451612903,0.0365535248041775,0.123034699695481,"Colon Adenocarcinoma","Blood Derived Normal"
"458",0.225806451612903,0.0366492146596859,0.123243070527914,"Colon Adenocarcinoma","Blood Derived Normal"
"459",0.225806451612903,0.036745406824147,0.123657437440014,"Colon Adenocarcinoma","Blood Derived Normal"
"460",0.225806451612903,0.0368421052631579,0.123727742720003,"Colon Adenocarcinoma","Blood Derived Normal"
"461",0.225806451612903,0.0369393139841689,0.123790535352894,"Colon Adenocarcinoma","Blood Derived Normal"
"462",0.225806451612903,0.037037037037037,0.12380779448568,"Colon Adenocarcinoma","Blood Derived Normal"
"463",0.225806451612903,0.0371352785145889,0.124251517044089,"Colon Adenocarcinoma","Blood Derived Normal"
"464",0.225806451612903,0.0372340425531915,0.124686933206704,"Colon Adenocarcinoma","Blood Derived Normal"
"465",0.225806451612903,0.0373333333333333,0.124857179488848,"Colon Adenocarcinoma","Blood Derived Normal"
"466",0.225806451612903,0.0374331550802139,0.125340912010714,"Colon Adenocarcinoma","Blood Derived Normal"
"467",0.225806451612903,0.0375335120643432,0.125541629377223,"Colon Adenocarcinoma","Blood Derived Normal"
"468",0.225806451612903,0.0376344086021505,0.126971998290137,"Colon Adenocarcinoma","Blood Derived Normal"
"469",0.225806451612903,0.0377358490566038,0.127349014949516,"Colon Adenocarcinoma","Blood Derived Normal"
"470",0.225806451612903,0.0378378378378378,0.128171056122635,"Colon Adenocarcinoma","Blood Derived Normal"
"471",0.225806451612903,0.037940379403794,0.128438572243477,"Colon Adenocarcinoma","Blood Derived Normal"
"472",0.225806451612903,0.0380434782608696,0.128549604663629,"Colon Adenocarcinoma","Blood Derived Normal"
"473",0.225806451612903,0.0381471389645777,0.128958233188171,"Colon Adenocarcinoma","Blood Derived Normal"
"474",0.225806451612903,0.0382513661202186,0.129109506042284,"Colon Adenocarcinoma","Blood Derived Normal"
"475",0.225806451612903,0.0383561643835616,0.129596108188857,"Colon Adenocarcinoma","Blood Derived Normal"
"476",0.225806451612903,0.0384615384615385,0.129610508111474,"Colon Adenocarcinoma","Blood Derived Normal"
"477",0.225806451612903,0.0385674931129477,0.130199789778692,"Colon Adenocarcinoma","Blood Derived Normal"
"478",0.225806451612903,0.0386740331491713,0.130889492463865,"Colon Adenocarcinoma","Blood Derived Normal"
"479",0.225806451612903,0.038781163434903,0.131063329254389,"Colon Adenocarcinoma","Blood Derived Normal"
"480",0.225806451612903,0.0388888888888889,0.131088002113208,"Colon Adenocarcinoma","Blood Derived Normal"
"481",0.225806451612903,0.0389972144846797,0.131159176649867,"Colon Adenocarcinoma","Blood Derived Normal"
"482",0.225806451612903,0.0391061452513966,0.131942817098651,"Colon Adenocarcinoma","Blood Derived Normal"
"483",0.225806451612903,0.0392156862745098,0.1319604574985,"Colon Adenocarcinoma","Blood Derived Normal"
"484",0.225806451612903,0.0393258426966292,0.131996300971257,"Colon Adenocarcinoma","Blood Derived Normal"
"485",0.225806451612903,0.0394366197183099,0.132382001845998,"Colon Adenocarcinoma","Blood Derived Normal"
"486",0.225806451612903,0.0395480225988701,0.132399536433416,"Colon Adenocarcinoma","Blood Derived Normal"
"487",0.225806451612903,0.0396600566572238,0.132566227985009,"Colon Adenocarcinoma","Blood Derived Normal"
"488",0.225806451612903,0.0397727272727273,0.133003519024567,"Colon Adenocarcinoma","Blood Derived Normal"
"489",0.225806451612903,0.0398860398860399,0.133343958539295,"Colon Adenocarcinoma","Blood Derived Normal"
"490",0.225806451612903,0.04,0.133393681285084,"Colon Adenocarcinoma","Blood Derived Normal"
"491",0.225806451612903,0.0401146131805158,0.133676032126449,"Colon Adenocarcinoma","Blood Derived Normal"
"492",0.225806451612903,0.0402298850574713,0.133744203363284,"Colon Adenocarcinoma","Blood Derived Normal"
"493",0.225806451612903,0.0403458213256484,0.134107072869701,"Colon Adenocarcinoma","Blood Derived Normal"
"494",0.225806451612903,0.0404624277456647,0.134180397212175,"Colon Adenocarcinoma","Blood Derived Normal"
"495",0.225806451612903,0.0405797101449275,0.134374479790804,"Colon Adenocarcinoma","Blood Derived Normal"
"496",0.225806451612903,0.0406976744186047,0.1348166917971,"Colon Adenocarcinoma","Blood Derived Normal"
"497",0.225806451612903,0.0408163265306122,0.135208621301738,"Colon Adenocarcinoma","Blood Derived Normal"
"498",0.225806451612903,0.0409356725146199,0.135214701124907,"Colon Adenocarcinoma","Blood Derived Normal"
"499",0.225806451612903,0.0410557184750733,0.137661660897357,"Colon Adenocarcinoma","Blood Derived Normal"
"500",0.225806451612903,0.0411764705882353,0.137810167014181,"Colon Adenocarcinoma","Blood Derived Normal"
"501",0.225806451612903,0.0412979351032448,0.137920619823647,"Colon Adenocarcinoma","Blood Derived Normal"
"502",0.225806451612903,0.0414201183431953,0.137937666004685,"Colon Adenocarcinoma","Blood Derived Normal"
"503",0.225806451612903,0.0415430267062315,0.138220033747212,"Colon Adenocarcinoma","Blood Derived Normal"
"504",0.225806451612903,0.0416666666666667,0.138579899941849,"Colon Adenocarcinoma","Blood Derived Normal"
"505",0.225806451612903,0.0417910447761194,0.139772599773709,"Colon Adenocarcinoma","Blood Derived Normal"
"506",0.225806451612903,0.0419161676646707,0.139776521814911,"Colon Adenocarcinoma","Blood Derived Normal"
"507",0.225806451612903,0.042042042042042,0.139800114827775,"Colon Adenocarcinoma","Blood Derived Normal"
"508",0.225806451612903,0.0421686746987952,0.139887817308729,"Colon Adenocarcinoma","Blood Derived Normal"
"509",0.209677419354839,0.0392749244712991,0.140069429042975,"Colon Adenocarcinoma","Blood Derived Normal"
"510",0.209677419354839,0.0393939393939394,0.140133852661166,"Colon Adenocarcinoma","Blood Derived Normal"
"511",0.209677419354839,0.0395136778115502,0.14099307818497,"Colon Adenocarcinoma","Blood Derived Normal"
"512",0.209677419354839,0.0396341463414634,0.141070260589752,"Colon Adenocarcinoma","Blood Derived Normal"
"513",0.209677419354839,0.0397553516819572,0.141427445605441,"Colon Adenocarcinoma","Blood Derived Normal"
"514",0.209677419354839,0.0398773006134969,0.14163944675073,"Colon Adenocarcinoma","Blood Derived Normal"
"515",0.209677419354839,0.04,0.142794421555152,"Colon Adenocarcinoma","Blood Derived Normal"
"516",0.209677419354839,0.0401234567901235,0.143053345335014,"Colon Adenocarcinoma","Blood Derived Normal"
"517",0.209677419354839,0.0402476780185759,0.143073585927751,"Colon Adenocarcinoma","Blood Derived Normal"
"518",0.209677419354839,0.0403726708074534,0.14341809309412,"Colon Adenocarcinoma","Blood Derived Normal"
"519",0.209677419354839,0.0404984423676012,0.143708047909232,"Colon Adenocarcinoma","Blood Derived Normal"
"520",0.209677419354839,0.040625,0.143899694802661,"Colon Adenocarcinoma","Blood Derived Normal"
"521",0.209677419354839,0.0407523510971787,0.144203856763861,"Colon Adenocarcinoma","Blood Derived Normal"
"522",0.209677419354839,0.0408805031446541,0.144305822731345,"Colon Adenocarcinoma","Blood Derived Normal"
"523",0.209677419354839,0.0410094637223975,0.144683902171656,"Colon Adenocarcinoma","Blood Derived Normal"
"524",0.209677419354839,0.0411392405063291,0.14604800928799,"Colon Adenocarcinoma","Blood Derived Normal"
"525",0.193548387096774,0.0380952380952381,0.146195811995171,"Colon Adenocarcinoma","Blood Derived Normal"
"526",0.193548387096774,0.0382165605095541,0.146658197277393,"Colon Adenocarcinoma","Blood Derived Normal"
"527",0.193548387096774,0.0383386581469649,0.146882808964834,"Colon Adenocarcinoma","Blood Derived Normal"
"528",0.193548387096774,0.0384615384615385,0.147279257305709,"Colon Adenocarcinoma","Blood Derived Normal"
"529",0.193548387096774,0.0385852090032154,0.147354606736649,"Colon Adenocarcinoma","Blood Derived Normal"
"530",0.193548387096774,0.0387096774193548,0.147599812246379,"Colon Adenocarcinoma","Blood Derived Normal"
"531",0.193548387096774,0.0388349514563107,0.147695617611451,"Colon Adenocarcinoma","Blood Derived Normal"
"532",0.193548387096774,0.038961038961039,0.148180338069729,"Colon Adenocarcinoma","Blood Derived Normal"
"533",0.193548387096774,0.0390879478827362,0.148560047108754,"Colon Adenocarcinoma","Blood Derived Normal"
"534",0.193548387096774,0.0392156862745098,0.148783202130398,"Colon Adenocarcinoma","Blood Derived Normal"
"535",0.193548387096774,0.039344262295082,0.149094558332034,"Colon Adenocarcinoma","Blood Derived Normal"
"536",0.193548387096774,0.0394736842105263,0.149183000873179,"Colon Adenocarcinoma","Blood Derived Normal"
"537",0.193548387096774,0.0396039603960396,0.149577445376946,"Colon Adenocarcinoma","Blood Derived Normal"
"538",0.193548387096774,0.0397350993377483,0.150444940695413,"Colon Adenocarcinoma","Blood Derived Normal"
"539",0.193548387096774,0.0398671096345515,0.151713393275377,"Colon Adenocarcinoma","Blood Derived Normal"
"540",0.193548387096774,0.04,0.152203974039708,"Colon Adenocarcinoma","Blood Derived Normal"
"541",0.193548387096774,0.040133779264214,0.152645746434212,"Colon Adenocarcinoma","Blood Derived Normal"
"542",0.193548387096774,0.0402684563758389,0.152895061799376,"Colon Adenocarcinoma","Blood Derived Normal"
"543",0.193548387096774,0.0404040404040404,0.154283376225579,"Colon Adenocarcinoma","Blood Derived Normal"
"544",0.193548387096774,0.0405405405405405,0.154983979449353,"Colon Adenocarcinoma","Blood Derived Normal"
"545",0.193548387096774,0.0406779661016949,0.155020999413184,"Colon Adenocarcinoma","Blood Derived Normal"
"546",0.193548387096774,0.0408163265306122,0.155055666437033,"Colon Adenocarcinoma","Blood Derived Normal"
"547",0.193548387096774,0.0409556313993174,0.155194359955295,"Colon Adenocarcinoma","Blood Derived Normal"
"548",0.193548387096774,0.0410958904109589,0.155780204458733,"Colon Adenocarcinoma","Blood Derived Normal"
"549",0.193548387096774,0.0412371134020619,0.156229952864157,"Colon Adenocarcinoma","Blood Derived Normal"
"550",0.193548387096774,0.0413793103448276,0.156524980391476,"Colon Adenocarcinoma","Blood Derived Normal"
"551",0.193548387096774,0.041522491349481,0.156856300701171,"Colon Adenocarcinoma","Blood Derived Normal"
"552",0.193548387096774,0.0416666666666667,0.157437611350532,"Colon Adenocarcinoma","Blood Derived Normal"
"553",0.193548387096774,0.0418118466898955,0.157608281291696,"Colon Adenocarcinoma","Blood Derived Normal"
"554",0.193548387096774,0.041958041958042,0.158293196141497,"Colon Adenocarcinoma","Blood Derived Normal"
"555",0.193548387096774,0.0421052631578947,0.160264841769394,"Colon Adenocarcinoma","Blood Derived Normal"
"556",0.193548387096774,0.0422535211267606,0.160554280833092,"Colon Adenocarcinoma","Blood Derived Normal"
"557",0.17741935483871,0.03886925795053,0.161042062703616,"Colon Adenocarcinoma","Blood Derived Normal"
"558",0.17741935483871,0.0390070921985816,0.161613924134349,"Colon Adenocarcinoma","Blood Derived Normal"
"559",0.17741935483871,0.0391459074733096,0.162303820804931,"Colon Adenocarcinoma","Blood Derived Normal"
"560",0.17741935483871,0.0392857142857143,0.162820647610497,"Colon Adenocarcinoma","Blood Derived Normal"
"561",0.17741935483871,0.039426523297491,0.163520570617468,"Colon Adenocarcinoma","Blood Derived Normal"
"562",0.161290322580645,0.0359712230215827,0.164180206507083,"Colon Adenocarcinoma","Blood Derived Normal"
"563",0.161290322580645,0.036101083032491,0.164527896547499,"Colon Adenocarcinoma","Blood Derived Normal"
"564",0.161290322580645,0.036231884057971,0.164598106215735,"Colon Adenocarcinoma","Blood Derived Normal"
"565",0.161290322580645,0.0363636363636364,0.164626776321941,"Colon Adenocarcinoma","Blood Derived Normal"
"566",0.161290322580645,0.0364963503649635,0.165209694873753,"Colon Adenocarcinoma","Blood Derived Normal"
"567",0.161290322580645,0.0366300366300366,0.165867773423007,"Colon Adenocarcinoma","Blood Derived Normal"
"568",0.161290322580645,0.0367647058823529,0.16619733597216,"Colon Adenocarcinoma","Blood Derived Normal"
"569",0.161290322580645,0.03690036900369,0.167039427689201,"Colon Adenocarcinoma","Blood Derived Normal"
"570",0.161290322580645,0.037037037037037,0.167447708111947,"Colon Adenocarcinoma","Blood Derived Normal"
"571",0.161290322580645,0.0371747211895911,0.167465575779261,"Colon Adenocarcinoma","Blood Derived Normal"
"572",0.161290322580645,0.0373134328358209,0.168463214791582,"Colon Adenocarcinoma","Blood Derived Normal"
"573",0.161290322580645,0.0374531835205993,0.168568479803301,"Colon Adenocarcinoma","Blood Derived Normal"
"574",0.161290322580645,0.037593984962406,0.16893776208039,"Colon Adenocarcinoma","Blood Derived Normal"
"575",0.161290322580645,0.0377358490566038,0.168974785136346,"Colon Adenocarcinoma","Blood Derived Normal"
"576",0.161290322580645,0.0378787878787879,0.169366818021601,"Colon Adenocarcinoma","Blood Derived Normal"
"577",0.161290322580645,0.0380228136882129,0.169691801877541,"Colon Adenocarcinoma","Blood Derived Normal"
"578",0.161290322580645,0.0381679389312977,0.170727793662521,"Colon Adenocarcinoma","Blood Derived Normal"
"579",0.161290322580645,0.0383141762452107,0.171282733928123,"Colon Adenocarcinoma","Blood Derived Normal"
"580",0.161290322580645,0.0384615384615385,0.17177294748229,"Colon Adenocarcinoma","Blood Derived Normal"
"581",0.161290322580645,0.0386100386100386,0.172105026248474,"Colon Adenocarcinoma","Blood Derived Normal"
"582",0.161290322580645,0.0387596899224806,0.172252898910848,"Colon Adenocarcinoma","Blood Derived Normal"
"583",0.161290322580645,0.0389105058365759,0.172689933395913,"Colon Adenocarcinoma","Blood Derived Normal"
"584",0.161290322580645,0.0390625,0.173768633001299,"Colon Adenocarcinoma","Blood Derived Normal"
"585",0.161290322580645,0.0392156862745098,0.174200229572311,"Colon Adenocarcinoma","Blood Derived Normal"
"586",0.161290322580645,0.0393700787401575,0.174885062662827,"Colon Adenocarcinoma","Blood Derived Normal"
"587",0.161290322580645,0.0395256916996047,0.17492286813419,"Colon Adenocarcinoma","Blood Derived Normal"
"588",0.161290322580645,0.0396825396825397,0.175486176152075,"Colon Adenocarcinoma","Blood Derived Normal"
"589",0.145161290322581,0.0358565737051793,0.177422845778412,"Colon Adenocarcinoma","Blood Derived Normal"
"590",0.145161290322581,0.036,0.177944929282481,"Colon Adenocarcinoma","Blood Derived Normal"
"591",0.145161290322581,0.036144578313253,0.178907696831136,"Colon Adenocarcinoma","Blood Derived Normal"
"592",0.145161290322581,0.0362903225806452,0.179118259842467,"Colon Adenocarcinoma","Blood Derived Normal"
"593",0.145161290322581,0.0364372469635627,0.179228048988636,"Colon Adenocarcinoma","Blood Derived Normal"
"594",0.145161290322581,0.0365853658536585,0.179393953237577,"Colon Adenocarcinoma","Blood Derived Normal"
"595",0.145161290322581,0.036734693877551,0.180600648978827,"Colon Adenocarcinoma","Blood Derived Normal"
"596",0.145161290322581,0.0368852459016393,0.180651963592962,"Colon Adenocarcinoma","Blood Derived Normal"
"597",0.145161290322581,0.037037037037037,0.183325987444862,"Colon Adenocarcinoma","Blood Derived Normal"
"598",0.145161290322581,0.0371900826446281,0.184253809467696,"Colon Adenocarcinoma","Blood Derived Normal"
"599",0.145161290322581,0.037344398340249,0.184406611363401,"Colon Adenocarcinoma","Blood Derived Normal"
"600",0.145161290322581,0.0375,0.187015525802443,"Colon Adenocarcinoma","Blood Derived Normal"
"601",0.145161290322581,0.0376569037656904,0.188205370899713,"Colon Adenocarcinoma","Blood Derived Normal"
"602",0.129032258064516,0.0336134453781513,0.188937635034776,"Colon Adenocarcinoma","Blood Derived Normal"
"603",0.129032258064516,0.0337552742616034,0.189861240610379,"Colon Adenocarcinoma","Blood Derived Normal"
"604",0.129032258064516,0.0338983050847458,0.190275552693981,"Colon Adenocarcinoma","Blood Derived Normal"
"605",0.129032258064516,0.0340425531914894,0.190928790291847,"Colon Adenocarcinoma","Blood Derived Normal"
"606",0.129032258064516,0.0341880341880342,0.191044626094065,"Colon Adenocarcinoma","Blood Derived Normal"
"607",0.129032258064516,0.0343347639484979,0.191237608022434,"Colon Adenocarcinoma","Blood Derived Normal"
"608",0.129032258064516,0.0344827586206897,0.192697486522151,"Colon Adenocarcinoma","Blood Derived Normal"
"609",0.129032258064516,0.0346320346320346,0.194395338834835,"Colon Adenocarcinoma","Blood Derived Normal"
"610",0.129032258064516,0.0347826086956522,0.19478501283483,"Colon Adenocarcinoma","Blood Derived Normal"
"611",0.129032258064516,0.0349344978165939,0.195604942347479,"Colon Adenocarcinoma","Blood Derived Normal"
"612",0.112903225806452,0.0307017543859649,0.196296152995753,"Colon Adenocarcinoma","Blood Derived Normal"
"613",0.112903225806452,0.0308370044052863,0.196956276766235,"Colon Adenocarcinoma","Blood Derived Normal"
"614",0.112903225806452,0.0309734513274336,0.197591700970233,"Colon Adenocarcinoma","Blood Derived Normal"
"615",0.112903225806452,0.0311111111111111,0.197971974399519,"Colon Adenocarcinoma","Blood Derived Normal"
"616",0.112903225806452,0.03125,0.198987082413921,"Colon Adenocarcinoma","Blood Derived Normal"
"617",0.112903225806452,0.031390134529148,0.200148535340067,"Colon Adenocarcinoma","Blood Derived Normal"
"618",0.112903225806452,0.0315315315315315,0.202241925695177,"Colon Adenocarcinoma","Blood Derived Normal"
"619",0.112903225806452,0.0316742081447964,0.202398236040875,"Colon Adenocarcinoma","Blood Derived Normal"
"620",0.112903225806452,0.0318181818181818,0.203015551374472,"Colon Adenocarcinoma","Blood Derived Normal"
"621",0.112903225806452,0.0319634703196347,0.203820932077076,"Colon Adenocarcinoma","Blood Derived Normal"
"622",0.112903225806452,0.0321100917431193,0.204255659127323,"Colon Adenocarcinoma","Blood Derived Normal"
"623",0.112903225806452,0.032258064516129,0.205525527581367,"Colon Adenocarcinoma","Blood Derived Normal"
"624",0.112903225806452,0.0324074074074074,0.206630077337194,"Colon Adenocarcinoma","Blood Derived Normal"
"625",0.112903225806452,0.0325581395348837,0.206671280425584,"Colon Adenocarcinoma","Blood Derived Normal"
"626",0.112903225806452,0.0327102803738318,0.20793258875034,"Colon Adenocarcinoma","Blood Derived Normal"
"627",0.112903225806452,0.0328638497652582,0.209199691782502,"Colon Adenocarcinoma","Blood Derived Normal"
"628",0.112903225806452,0.0330188679245283,0.211223012811619,"Colon Adenocarcinoma","Blood Derived Normal"
"629",0.112903225806452,0.033175355450237,0.21368117466618,"Colon Adenocarcinoma","Blood Derived Normal"
"630",0.112903225806452,0.0333333333333333,0.213950776900904,"Colon Adenocarcinoma","Blood Derived Normal"
"631",0.112903225806452,0.0334928229665072,0.214137542459747,"Colon Adenocarcinoma","Blood Derived Normal"
"632",0.112903225806452,0.0336538461538462,0.21510892894821,"Colon Adenocarcinoma","Blood Derived Normal"
"633",0.112903225806452,0.0338164251207729,0.215131803407363,"Colon Adenocarcinoma","Blood Derived Normal"
"634",0.112903225806452,0.0339805825242718,0.216954270449125,"Colon Adenocarcinoma","Blood Derived Normal"
"635",0.112903225806452,0.0341463414634146,0.219169921800525,"Colon Adenocarcinoma","Blood Derived Normal"
"636",0.112903225806452,0.0343137254901961,0.219733348064013,"Colon Adenocarcinoma","Blood Derived Normal"
"637",0.112903225806452,0.0344827586206897,0.220129143975855,"Colon Adenocarcinoma","Blood Derived Normal"
"638",0.112903225806452,0.0346534653465347,0.220250257327069,"Colon Adenocarcinoma","Blood Derived Normal"
"639",0.112903225806452,0.0348258706467662,0.220774859827673,"Colon Adenocarcinoma","Blood Derived Normal"
"640",0.112903225806452,0.035,0.221031121877248,"Colon Adenocarcinoma","Blood Derived Normal"
"641",0.112903225806452,0.0351758793969849,0.221998365428566,"Colon Adenocarcinoma","Blood Derived Normal"
"642",0.112903225806452,0.0353535353535354,0.222135275717439,"Colon Adenocarcinoma","Blood Derived Normal"
"643",0.112903225806452,0.0355329949238579,0.222542324198242,"Colon Adenocarcinoma","Blood Derived Normal"
"644",0.112903225806452,0.0357142857142857,0.223282040777227,"Colon Adenocarcinoma","Blood Derived Normal"
"645",0.112903225806452,0.0358974358974359,0.224416255653212,"Colon Adenocarcinoma","Blood Derived Normal"
"646",0.112903225806452,0.0360824742268041,0.22509156777599,"Colon Adenocarcinoma","Blood Derived Normal"
"647",0.112903225806452,0.0362694300518135,0.226142744892814,"Colon Adenocarcinoma","Blood Derived Normal"
"648",0.112903225806452,0.0364583333333333,0.226317955807886,"Colon Adenocarcinoma","Blood Derived Normal"
"649",0.112903225806452,0.0366492146596859,0.226654003278399,"Colon Adenocarcinoma","Blood Derived Normal"
"650",0.112903225806452,0.0368421052631579,0.228177894658112,"Colon Adenocarcinoma","Blood Derived Normal"
"651",0.112903225806452,0.037037037037037,0.228272976438511,"Colon Adenocarcinoma","Blood Derived Normal"
"652",0.112903225806452,0.0372340425531915,0.228338150423432,"Colon Adenocarcinoma","Blood Derived Normal"
"653",0.112903225806452,0.0374331550802139,0.229164746521448,"Colon Adenocarcinoma","Blood Derived Normal"
"654",0.112903225806452,0.0376344086021505,0.229552954090568,"Colon Adenocarcinoma","Blood Derived Normal"
"655",0.112903225806452,0.0378378378378378,0.230246900100132,"Colon Adenocarcinoma","Blood Derived Normal"
"656",0.112903225806452,0.0380434782608696,0.231073882879034,"Colon Adenocarcinoma","Blood Derived Normal"
"657",0.112903225806452,0.0382513661202186,0.231752803979974,"Colon Adenocarcinoma","Blood Derived Normal"
"658",0.112903225806452,0.0384615384615385,0.231964458163934,"Colon Adenocarcinoma","Blood Derived Normal"
"659",0.112903225806452,0.0386740331491713,0.232474153146808,"Colon Adenocarcinoma","Blood Derived Normal"
"660",0.112903225806452,0.0388888888888889,0.232684289902153,"Colon Adenocarcinoma","Blood Derived Normal"
"661",0.112903225806452,0.0391061452513966,0.233453821059504,"Colon Adenocarcinoma","Blood Derived Normal"
"662",0.112903225806452,0.0393258426966292,0.234091716783405,"Colon Adenocarcinoma","Blood Derived Normal"
"663",0.112903225806452,0.0395480225988701,0.234363482800625,"Colon Adenocarcinoma","Blood Derived Normal"
"664",0.112903225806452,0.0397727272727273,0.235616552634715,"Colon Adenocarcinoma","Blood Derived Normal"
"665",0.112903225806452,0.04,0.235657561083864,"Colon Adenocarcinoma","Blood Derived Normal"
"666",0.112903225806452,0.0402298850574713,0.23601810481552,"Colon Adenocarcinoma","Blood Derived Normal"
"667",0.112903225806452,0.0404624277456647,0.236814251060997,"Colon Adenocarcinoma","Blood Derived Normal"
"668",0.112903225806452,0.0406976744186047,0.237301717674895,"Colon Adenocarcinoma","Blood Derived Normal"
"669",0.0967741935483871,0.0350877192982456,0.239023573097523,"Colon Adenocarcinoma","Blood Derived Normal"
"670",0.0967741935483871,0.0352941176470588,0.239673309659255,"Colon Adenocarcinoma","Blood Derived Normal"
"671",0.0967741935483871,0.0355029585798817,0.24039539489206,"Colon Adenocarcinoma","Blood Derived Normal"
"672",0.0967741935483871,0.0357142857142857,0.242014859469249,"Colon Adenocarcinoma","Blood Derived Normal"
"673",0.0967741935483871,0.0359281437125748,0.243285873578691,"Colon Adenocarcinoma","Blood Derived Normal"
"674",0.0967741935483871,0.036144578313253,0.243289142832551,"Colon Adenocarcinoma","Blood Derived Normal"
"675",0.0967741935483871,0.0363636363636364,0.243753255377363,"Colon Adenocarcinoma","Blood Derived Normal"
"676",0.0967741935483871,0.0365853658536585,0.245049032293908,"Colon Adenocarcinoma","Blood Derived Normal"
"677",0.0967741935483871,0.0368098159509202,0.245164614237363,"Colon Adenocarcinoma","Blood Derived Normal"
"678",0.0967741935483871,0.037037037037037,0.245797567022101,"Colon Adenocarcinoma","Blood Derived Normal"
"679",0.0806451612903226,0.031055900621118,0.247630225054552,"Colon Adenocarcinoma","Blood Derived Normal"
"680",0.0806451612903226,0.03125,0.247681431868954,"Colon Adenocarcinoma","Blood Derived Normal"
"681",0.0806451612903226,0.0314465408805031,0.248634054815967,"Colon Adenocarcinoma","Blood Derived Normal"
"682",0.0806451612903226,0.0316455696202532,0.249559015354905,"Colon Adenocarcinoma","Blood Derived Normal"
"683",0.0806451612903226,0.0318471337579618,0.249974983140767,"Colon Adenocarcinoma","Blood Derived Normal"
"684",0.0806451612903226,0.032051282051282,0.249981174305237,"Colon Adenocarcinoma","Blood Derived Normal"
"685",0.0806451612903226,0.032258064516129,0.250413686504561,"Colon Adenocarcinoma","Blood Derived Normal"
"686",0.0806451612903226,0.0324675324675325,0.252795202855271,"Colon Adenocarcinoma","Blood Derived Normal"
"687",0.0806451612903226,0.0326797385620915,0.252976388711492,"Colon Adenocarcinoma","Blood Derived Normal"
"688",0.0806451612903226,0.0328947368421053,0.253104092453458,"Colon Adenocarcinoma","Blood Derived Normal"
"689",0.0806451612903226,0.033112582781457,0.254700604572365,"Colon Adenocarcinoma","Blood Derived Normal"
"690",0.0806451612903226,0.0333333333333333,0.255768290199054,"Colon Adenocarcinoma","Blood Derived Normal"
"691",0.0806451612903226,0.0335570469798658,0.25600758916679,"Colon Adenocarcinoma","Blood Derived Normal"
"692",0.0806451612903226,0.0337837837837838,0.256396369995216,"Colon Adenocarcinoma","Blood Derived Normal"
"693",0.0806451612903226,0.0340136054421769,0.256875172423068,"Colon Adenocarcinoma","Blood Derived Normal"
"694",0.0806451612903226,0.0342465753424658,0.256928702056445,"Colon Adenocarcinoma","Blood Derived Normal"
"695",0.0806451612903226,0.0344827586206897,0.259464025609378,"Colon Adenocarcinoma","Blood Derived Normal"
"696",0.0806451612903226,0.0347222222222222,0.261472748949548,"Colon Adenocarcinoma","Blood Derived Normal"
"697",0.0806451612903226,0.034965034965035,0.261656248499529,"Colon Adenocarcinoma","Blood Derived Normal"
"698",0.0806451612903226,0.0352112676056338,0.26264353480494,"Colon Adenocarcinoma","Blood Derived Normal"
"699",0.0645161290322581,0.0283687943262411,0.263374901824514,"Colon Adenocarcinoma","Blood Derived Normal"
"700",0.0645161290322581,0.0285714285714286,0.263485917388958,"Colon Adenocarcinoma","Blood Derived Normal"
"701",0.0645161290322581,0.0287769784172662,0.26736750815324,"Colon Adenocarcinoma","Blood Derived Normal"
"702",0.0645161290322581,0.0289855072463768,0.267986643615283,"Colon Adenocarcinoma","Blood Derived Normal"
"703",0.0645161290322581,0.0291970802919708,0.268271199892566,"Colon Adenocarcinoma","Blood Derived Normal"
"704",0.0645161290322581,0.0294117647058824,0.269064340209245,"Colon Adenocarcinoma","Blood Derived Normal"
"705",0.0645161290322581,0.0296296296296296,0.269080529202548,"Colon Adenocarcinoma","Blood Derived Normal"
"706",0.0645161290322581,0.0298507462686567,0.269729264807667,"Colon Adenocarcinoma","Blood Derived Normal"
"707",0.0645161290322581,0.0300751879699248,0.269976720229955,"Colon Adenocarcinoma","Blood Derived Normal"
"708",0.0645161290322581,0.0303030303030303,0.270014985383756,"Colon Adenocarcinoma","Blood Derived Normal"
"709",0.0645161290322581,0.0305343511450382,0.271156845507036,"Colon Adenocarcinoma","Blood Derived Normal"
"710",0.0645161290322581,0.0307692307692308,0.271662852121512,"Colon Adenocarcinoma","Blood Derived Normal"
"711",0.0645161290322581,0.0310077519379845,0.271726903694625,"Colon Adenocarcinoma","Blood Derived Normal"
"712",0.0645161290322581,0.03125,0.272348937995575,"Colon Adenocarcinoma","Blood Derived Normal"
"713",0.0645161290322581,0.031496062992126,0.274394530715215,"Colon Adenocarcinoma","Blood Derived Normal"
"714",0.0645161290322581,0.0317460317460317,0.274666033127601,"Colon Adenocarcinoma","Blood Derived Normal"
"715",0.0645161290322581,0.032,0.275209935334237,"Colon Adenocarcinoma","Blood Derived Normal"
"716",0.0645161290322581,0.032258064516129,0.275249102074698,"Colon Adenocarcinoma","Blood Derived Normal"
"717",0.0645161290322581,0.032520325203252,0.278043542348987,"Colon Adenocarcinoma","Blood Derived Normal"
"718",0.0645161290322581,0.0327868852459016,0.278755727976411,"Colon Adenocarcinoma","Blood Derived Normal"
"719",0.0645161290322581,0.0330578512396694,0.278775558802305,"Colon Adenocarcinoma","Blood Derived Normal"
"720",0.0645161290322581,0.0333333333333333,0.280090163800043,"Colon Adenocarcinoma","Blood Derived Normal"
"721",0.0645161290322581,0.0336134453781513,0.280342484167492,"Colon Adenocarcinoma","Blood Derived Normal"
"722",0.0645161290322581,0.0338983050847458,0.280901163964517,"Colon Adenocarcinoma","Blood Derived Normal"
"723",0.0645161290322581,0.0341880341880342,0.281302404433678,"Colon Adenocarcinoma","Blood Derived Normal"
"724",0.0645161290322581,0.0344827586206897,0.282045653687356,"Colon Adenocarcinoma","Blood Derived Normal"
"725",0.0645161290322581,0.0347826086956522,0.282548714884462,"Colon Adenocarcinoma","Blood Derived Normal"
"726",0.0645161290322581,0.0350877192982456,0.285454537966406,"Colon Adenocarcinoma","Blood Derived Normal"
"727",0.0645161290322581,0.0353982300884956,0.288473995461748,"Colon Adenocarcinoma","Blood Derived Normal"
"728",0.0645161290322581,0.0357142857142857,0.291292193116209,"Colon Adenocarcinoma","Blood Derived Normal"
"729",0.0645161290322581,0.036036036036036,0.291475565216982,"Colon Adenocarcinoma","Blood Derived Normal"
"730",0.0483870967741935,0.0272727272727273,0.292613454533352,"Colon Adenocarcinoma","Blood Derived Normal"
"731",0.0483870967741935,0.0275229357798165,0.297769842151839,"Colon Adenocarcinoma","Blood Derived Normal"
"732",0.0483870967741935,0.0277777777777778,0.300030796808189,"Colon Adenocarcinoma","Blood Derived Normal"
"733",0.0483870967741935,0.0280373831775701,0.300057704381911,"Colon Adenocarcinoma","Blood Derived Normal"
"734",0.0483870967741935,0.0283018867924528,0.303160306163728,"Colon Adenocarcinoma","Blood Derived Normal"
"735",0.0483870967741935,0.0285714285714286,0.306098505180426,"Colon Adenocarcinoma","Blood Derived Normal"
"736",0.0483870967741935,0.0288461538461538,0.306958866226212,"Colon Adenocarcinoma","Blood Derived Normal"
"737",0.0483870967741935,0.029126213592233,0.310488760242842,"Colon Adenocarcinoma","Blood Derived Normal"
"738",0.0483870967741935,0.0294117647058824,0.310735239783397,"Colon Adenocarcinoma","Blood Derived Normal"
"739",0.0483870967741935,0.0297029702970297,0.31199041136259,"Colon Adenocarcinoma","Blood Derived Normal"
"740",0.0483870967741935,0.03,0.312729524572017,"Colon Adenocarcinoma","Blood Derived Normal"
"741",0.0483870967741935,0.0303030303030303,0.312827648714237,"Colon Adenocarcinoma","Blood Derived Normal"
"742",0.0483870967741935,0.0306122448979592,0.313308798316219,"Colon Adenocarcinoma","Blood Derived Normal"
"743",0.0483870967741935,0.0309278350515464,0.313362051653642,"Colon Adenocarcinoma","Blood Derived Normal"
"744",0.0483870967741935,0.03125,0.315404832060822,"Colon Adenocarcinoma","Blood Derived Normal"
"745",0.0483870967741935,0.0315789473684211,0.315680348054275,"Colon Adenocarcinoma","Blood Derived Normal"
"746",0.0483870967741935,0.0319148936170213,0.318763901499654,"Colon Adenocarcinoma","Blood Derived Normal"
"747",0.0483870967741935,0.032258064516129,0.322921944809769,"Colon Adenocarcinoma","Blood Derived Normal"
"748",0.0483870967741935,0.0326086956521739,0.323431125459321,"Colon Adenocarcinoma","Blood Derived Normal"
"749",0.0483870967741935,0.032967032967033,0.324803815136621,"Colon Adenocarcinoma","Blood Derived Normal"
"750",0.0483870967741935,0.0333333333333333,0.327716230659328,"Colon Adenocarcinoma","Blood Derived Normal"
"751",0.0483870967741935,0.0337078651685393,0.333809239812839,"Colon Adenocarcinoma","Blood Derived Normal"
"752",0.0483870967741935,0.0340909090909091,0.334567575459702,"Colon Adenocarcinoma","Blood Derived Normal"
"753",0.0483870967741935,0.0344827586206897,0.334896803573446,"Colon Adenocarcinoma","Blood Derived Normal"
"754",0.0483870967741935,0.0348837209302326,0.335754431366638,"Colon Adenocarcinoma","Blood Derived Normal"
"755",0.0483870967741935,0.0352941176470588,0.336000282953578,"Colon Adenocarcinoma","Blood Derived Normal"
"756",0.032258064516129,0.0238095238095238,0.336167396850878,"Colon Adenocarcinoma","Blood Derived Normal"
"757",0.032258064516129,0.0240963855421687,0.337972886669466,"Colon Adenocarcinoma","Blood Derived Normal"
"758",0.032258064516129,0.024390243902439,0.338442655233563,"Colon Adenocarcinoma","Blood Derived Normal"
"759",0.032258064516129,0.0246913580246914,0.338784147985103,"Colon Adenocarcinoma","Blood Derived Normal"
"760",0.032258064516129,0.025,0.340697809067656,"Colon Adenocarcinoma","Blood Derived Normal"
"761",0.032258064516129,0.0253164556962025,0.341682197788842,"Colon Adenocarcinoma","Blood Derived Normal"
"762",0.032258064516129,0.0256410256410256,0.354297170995858,"Colon Adenocarcinoma","Blood Derived Normal"
"763",0.032258064516129,0.025974025974026,0.354539522172197,"Colon Adenocarcinoma","Blood Derived Normal"
"764",0.032258064516129,0.0263157894736842,0.35474314210721,"Colon Adenocarcinoma","Blood Derived Normal"
"765",0.032258064516129,0.0266666666666667,0.355532958745169,"Colon Adenocarcinoma","Blood Derived Normal"
"766",0.032258064516129,0.027027027027027,0.360013241320343,"Colon Adenocarcinoma","Blood Derived Normal"
"767",0.032258064516129,0.0273972602739726,0.360176642975201,"Colon Adenocarcinoma","Blood Derived Normal"
"768",0.032258064516129,0.0277777777777778,0.360556787224869,"Colon Adenocarcinoma","Blood Derived Normal"
"769",0.032258064516129,0.028169014084507,0.362228473376166,"Colon Adenocarcinoma","Blood Derived Normal"
"770",0.032258064516129,0.0285714285714286,0.362491552760031,"Colon Adenocarcinoma","Blood Derived Normal"
"771",0.032258064516129,0.0289855072463768,0.364445187692426,"Colon Adenocarcinoma","Blood Derived Normal"
"772",0.032258064516129,0.0294117647058824,0.368307072380713,"Colon Adenocarcinoma","Blood Derived Normal"
"773",0.032258064516129,0.0298507462686567,0.3692029393733,"Colon Adenocarcinoma","Blood Derived Normal"
"774",0.032258064516129,0.0303030303030303,0.371947999324014,"Colon Adenocarcinoma","Blood Derived Normal"
"775",0.032258064516129,0.0307692307692308,0.37269713147388,"Colon Adenocarcinoma","Blood Derived Normal"
"776",0.032258064516129,0.03125,0.373550029562265,"Colon Adenocarcinoma","Blood Derived Normal"
"777",0.032258064516129,0.0317460317460317,0.375214127865927,"Colon Adenocarcinoma","Blood Derived Normal"
"778",0.032258064516129,0.032258064516129,0.377224547967489,"Colon Adenocarcinoma","Blood Derived Normal"
"779",0.032258064516129,0.0327868852459016,0.379074555592559,"Colon Adenocarcinoma","Blood Derived Normal"
"780",0.032258064516129,0.0333333333333333,0.383476224956082,"Colon Adenocarcinoma","Blood Derived Normal"
"781",0.032258064516129,0.0338983050847458,0.385886737889584,"Colon Adenocarcinoma","Blood Derived Normal"
"782",0.032258064516129,0.0344827586206897,0.385894261160655,"Colon Adenocarcinoma","Blood Derived Normal"
"783",0.032258064516129,0.0350877192982456,0.388576339943088,"Colon Adenocarcinoma","Blood Derived Normal"
"784",0.032258064516129,0.0357142857142857,0.390153598464026,"Colon Adenocarcinoma","Blood Derived Normal"
"785",0.032258064516129,0.0363636363636364,0.395928324794922,"Colon Adenocarcinoma","Blood Derived Normal"
"786",0.032258064516129,0.037037037037037,0.400384801258153,"Colon Adenocarcinoma","Blood Derived Normal"
"787",0.032258064516129,0.0377358490566038,0.407496132670061,"Colon Adenocarcinoma","Blood Derived Normal"
"788",0.032258064516129,0.0384615384615385,0.407945869546677,"Colon Adenocarcinoma","Blood Derived Normal"
"789",0.032258064516129,0.0392156862745098,0.409388188645015,"Colon Adenocarcinoma","Blood Derived Normal"
"790",0.032258064516129,0.04,0.412495274447335,"Colon Adenocarcinoma","Blood Derived Normal"
"791",0.032258064516129,0.0408163265306122,0.414404565827161,"Colon Adenocarcinoma","Blood Derived Normal"
"792",0.032258064516129,0.0416666666666667,0.415451710290522,"Colon Adenocarcinoma","Blood Derived Normal"
"793",0.032258064516129,0.0425531914893617,0.41981103190753,"Colon Adenocarcinoma","Blood Derived Normal"
"794",0.032258064516129,0.0434782608695652,0.422360950503201,"Colon Adenocarcinoma","Blood Derived Normal"
"795",0.032258064516129,0.0444444444444444,0.424974936327854,"Colon Adenocarcinoma","Blood Derived Normal"
"796",0.032258064516129,0.0454545454545455,0.426213338017368,"Colon Adenocarcinoma","Blood Derived Normal"
"797",0.032258064516129,0.0465116279069767,0.428474220479986,"Colon Adenocarcinoma","Blood Derived Normal"
"798",0.0161290322580645,0.0238095238095238,0.433389568673834,"Colon Adenocarcinoma","Blood Derived Normal"
"799",0.0161290322580645,0.024390243902439,0.437548325792091,"Colon Adenocarcinoma","Blood Derived Normal"
"800",0.0161290322580645,0.025,0.443934915247917,"Colon Adenocarcinoma","Blood Derived Normal"
"801",0.0161290322580645,0.0256410256410256,0.445515703357429,"Colon Adenocarcinoma","Blood Derived Normal"
"802",0.0161290322580645,0.0263157894736842,0.455913031839148,"Colon Adenocarcinoma","Blood Derived Normal"
"803",0.0161290322580645,0.027027027027027,0.459036209436313,"Colon Adenocarcinoma","Blood Derived Normal"
"804",0.0161290322580645,0.0277777777777778,0.460367262228404,"Colon Adenocarcinoma","Blood Derived Normal"
"805",0.0161290322580645,0.0285714285714286,0.461409170703696,"Colon Adenocarcinoma","Blood Derived Normal"
"806",0.0161290322580645,0.0294117647058824,0.462668907852942,"Colon Adenocarcinoma","Blood Derived Normal"
"807",0.0161290322580645,0.0303030303030303,0.469794085952292,"Colon Adenocarcinoma","Blood Derived Normal"
"808",0.0161290322580645,0.03125,0.476115211511798,"Colon Adenocarcinoma","Blood Derived Normal"
"809",0.0161290322580645,0.032258064516129,0.486150708003922,"Colon Adenocarcinoma","Blood Derived Normal"
"810",0.0161290322580645,0.0333333333333333,0.488224755358282,"Colon Adenocarcinoma","Blood Derived Normal"
"811",0.0161290322580645,0.0344827586206897,0.488528960703082,"Colon Adenocarcinoma","Blood Derived Normal"
"812",0.0161290322580645,0.0357142857142857,0.4891331448667,"Colon Adenocarcinoma","Blood Derived Normal"
"813",0.0161290322580645,0.037037037037037,0.493263287814963,"Colon Adenocarcinoma","Blood Derived Normal"
"814",0.0161290322580645,0.0384615384615385,0.506544876324128,"Colon Adenocarcinoma","Blood Derived Normal"
"815",0.0161290322580645,0.04,0.516591945589069,"Colon Adenocarcinoma","Blood Derived Normal"
"816",0.0161290322580645,0.0416666666666667,0.517165872053166,"Colon Adenocarcinoma","Blood Derived Normal"
"817",0.0161290322580645,0.0434782608695652,0.517773274203787,"Colon Adenocarcinoma","Blood Derived Normal"
"818",0,0,0.518947777741201,"Colon Adenocarcinoma","Blood Derived Normal"
"819",0,0,0.520142162390451,"Colon Adenocarcinoma","Blood Derived Normal"
"820",0,0,0.520420309447966,"Colon Adenocarcinoma","Blood Derived Normal"
"821",0,0,0.521198513379193,"Colon Adenocarcinoma","Blood Derived Normal"
"822",0,0,0.522052013886265,"Colon Adenocarcinoma","Blood Derived Normal"
"823",0,0,0.525947365484447,"Colon Adenocarcinoma","Blood Derived Normal"
"824",0,0,0.536032604333976,"Colon Adenocarcinoma","Blood Derived Normal"
"825",0,0,0.550635321700681,"Colon Adenocarcinoma","Blood Derived Normal"
"826",0,0,0.558945556241051,"Colon Adenocarcinoma","Blood Derived Normal"
"827",0,0,0.559127117917728,"Colon Adenocarcinoma","Blood Derived Normal"
"828",0,0,0.596219213448135,"Colon Adenocarcinoma","Blood Derived Normal"
"829",0,0,0.603688692620684,"Colon Adenocarcinoma","Blood Derived Normal"
"830",0,0,0.604435400608639,"Colon Adenocarcinoma","Blood Derived Normal"
"831",0,0,0.612933067628523,"Colon Adenocarcinoma","Blood Derived Normal"
"832",0,0,0.634973534281781,"Colon Adenocarcinoma","Blood Derived Normal"
"833",0,0,0.645177553289309,"Colon Adenocarcinoma","Blood Derived Normal"
"834",0,0,0.645540043186323,"Colon Adenocarcinoma","Blood Derived Normal"
"835",0,0,0.715206501488593,"Colon Adenocarcinoma","Blood Derived Normal"
"836",0,0,0.722723600894558,"Colon Adenocarcinoma","Blood Derived Normal"
"837",0,0,0.73574998782002,"Colon Adenocarcinoma","Blood Derived Normal"
"838",0,0,0.872979380120243,"Colon Adenocarcinoma","Blood Derived Normal"
"839",0,0,0.930237969074475,"Colon Adenocarcinoma","Blood Derived Normal"
"840",0,0,0.930237969074475,"Colon Adenocarcinoma","Blood Derived Normal"
