"1",0,0,0.990675765498764,"Glioblastoma Multiforme","Primary Tumor"
"2",0,0.0294117647058824,0.988325058771235,"Glioblastoma Multiforme","Primary Tumor"
"3",0,0.0588235294117647,0.988172391078115,"Glioblastoma Multiforme","Primary Tumor"
"4",0,0.0882352941176471,0.981504257311744,"Glioblastoma Multiforme","Primary Tumor"
"5",0,0.117647058823529,0.961932422284188,"Glioblastoma Multiforme","Primary Tumor"
"6",0,0.147058823529412,0.942425519097465,"Glioblastoma Multiforme","Primary Tumor"
"7",0,0.176470588235294,0.94179153480799,"Glioblastoma Multiforme","Primary Tumor"
"8",0.00309597523219814,0.176470588235294,0.94152359890727,"Glioblastoma Multiforme","Primary Tumor"
"9",0.00309597523219814,0.205882352941176,0.939692359064646,"Glioblastoma Multiforme","Primary Tumor"
"10",0.00619195046439629,0.205882352941176,0.929758213884548,"Glioblastoma Multiforme","Primary Tumor"
"11",0.00928792569659443,0.205882352941176,0.924790110436754,"Glioblastoma Multiforme","Primary Tumor"
"12",0.00928792569659443,0.235294117647059,0.922782151793092,"Glioblastoma Multiforme","Primary Tumor"
"13",0.0123839009287926,0.235294117647059,0.921937131892144,"Glioblastoma Multiforme","Primary Tumor"
"14",0.0123839009287926,0.264705882352941,0.916354841331349,"Glioblastoma Multiforme","Primary Tumor"
"15",0.0123839009287926,0.294117647058824,0.898793422325942,"Glioblastoma Multiforme","Primary Tumor"
"16",0.0123839009287926,0.323529411764706,0.895295163214354,"Glioblastoma Multiforme","Primary Tumor"
"17",0.0154798761609907,0.323529411764706,0.884033349556408,"Glioblastoma Multiforme","Primary Tumor"
"18",0.0154798761609907,0.352941176470588,0.882756503293201,"Glioblastoma Multiforme","Primary Tumor"
"19",0.0154798761609907,0.382352941176471,0.854793680188284,"Glioblastoma Multiforme","Primary Tumor"
"20",0.0185758513931889,0.382352941176471,0.821222616123998,"Glioblastoma Multiforme","Primary Tumor"
"21",0.0185758513931889,0.411764705882353,0.816210684784969,"Glioblastoma Multiforme","Primary Tumor"
"22",0.0185758513931889,0.441176470588235,0.801577651529168,"Glioblastoma Multiforme","Primary Tumor"
"23",0.021671826625387,0.441176470588235,0.776244563822486,"Glioblastoma Multiforme","Primary Tumor"
"24",0.0247678018575851,0.441176470588235,0.746645824880878,"Glioblastoma Multiforme","Primary Tumor"
"25",0.0278637770897833,0.441176470588235,0.736478859652083,"Glioblastoma Multiforme","Primary Tumor"
"26",0.0278637770897833,0.470588235294118,0.731599802433862,"Glioblastoma Multiforme","Primary Tumor"
"27",0.0309597523219814,0.470588235294118,0.699826871245665,"Glioblastoma Multiforme","Primary Tumor"
"28",0.0340557275541796,0.470588235294118,0.642909200720981,"Glioblastoma Multiforme","Primary Tumor"
"29",0.0371517027863777,0.470588235294118,0.628290227767824,"Glioblastoma Multiforme","Primary Tumor"
"30",0.0402476780185759,0.470588235294118,0.609053716375258,"Glioblastoma Multiforme","Primary Tumor"
"31",0.043343653250774,0.470588235294118,0.606971174628001,"Glioblastoma Multiforme","Primary Tumor"
"32",0.0464396284829721,0.470588235294118,0.604158257727745,"Glioblastoma Multiforme","Primary Tumor"
"33",0.0495356037151703,0.470588235294118,0.575806315343354,"Glioblastoma Multiforme","Primary Tumor"
"34",0.0526315789473684,0.470588235294118,0.534307617778231,"Glioblastoma Multiforme","Primary Tumor"
"35",0.0526315789473684,0.5,0.52699455803158,"Glioblastoma Multiforme","Primary Tumor"
"36",0.0557275541795666,0.5,0.482952859874486,"Glioblastoma Multiforme","Primary Tumor"
"37",0.0588235294117647,0.5,0.458306862453652,"Glioblastoma Multiforme","Primary Tumor"
"38",0.0619195046439628,0.5,0.416913735777688,"Glioblastoma Multiforme","Primary Tumor"
"39",0.0619195046439628,0.529411764705882,0.410434482725147,"Glioblastoma Multiforme","Primary Tumor"
"40",0.065015479876161,0.529411764705882,0.403404440595139,"Glioblastoma Multiforme","Primary Tumor"
"41",0.0681114551083591,0.529411764705882,0.375148009320618,"Glioblastoma Multiforme","Primary Tumor"
"42",0.0712074303405573,0.529411764705882,0.360351635993049,"Glioblastoma Multiforme","Primary Tumor"
"43",0.0712074303405573,0.558823529411765,0.352098901873193,"Glioblastoma Multiforme","Primary Tumor"
"44",0.0743034055727554,0.558823529411765,0.333875041548437,"Glioblastoma Multiforme","Primary Tumor"
"45",0.0743034055727554,0.588235294117647,0.331611194655495,"Glioblastoma Multiforme","Primary Tumor"
"46",0.0773993808049536,0.588235294117647,0.328346059717574,"Glioblastoma Multiforme","Primary Tumor"
"47",0.0804953560371517,0.588235294117647,0.325963205998834,"Glioblastoma Multiforme","Primary Tumor"
"48",0.0804953560371517,0.617647058823529,0.31895765790295,"Glioblastoma Multiforme","Primary Tumor"
"49",0.0835913312693498,0.617647058823529,0.313842529797572,"Glioblastoma Multiforme","Primary Tumor"
"50",0.086687306501548,0.617647058823529,0.312238920291138,"Glioblastoma Multiforme","Primary Tumor"
"51",0.0897832817337461,0.617647058823529,0.299670495273558,"Glioblastoma Multiforme","Primary Tumor"
"52",0.0928792569659443,0.617647058823529,0.299609472787101,"Glioblastoma Multiforme","Primary Tumor"
"53",0.0959752321981424,0.617647058823529,0.277101937851181,"Glioblastoma Multiforme","Primary Tumor"
"54",0.0959752321981424,0.647058823529412,0.269676383997061,"Glioblastoma Multiforme","Primary Tumor"
"55",0.0990712074303406,0.647058823529412,0.250226076741401,"Glioblastoma Multiforme","Primary Tumor"
"56",0.0990712074303406,0.676470588235294,0.249933606520051,"Glioblastoma Multiforme","Primary Tumor"
"57",0.102167182662539,0.676470588235294,0.244484393115878,"Glioblastoma Multiforme","Primary Tumor"
"58",0.105263157894737,0.676470588235294,0.234738361713753,"Glioblastoma Multiforme","Primary Tumor"
"59",0.108359133126935,0.676470588235294,0.228098415135914,"Glioblastoma Multiforme","Primary Tumor"
"60",0.111455108359133,0.676470588235294,0.219645928418029,"Glioblastoma Multiforme","Primary Tumor"
"61",0.114551083591331,0.676470588235294,0.215670176857899,"Glioblastoma Multiforme","Primary Tumor"
"62",0.117647058823529,0.676470588235294,0.213088836370801,"Glioblastoma Multiforme","Primary Tumor"
"63",0.120743034055728,0.676470588235294,0.208602795352651,"Glioblastoma Multiforme","Primary Tumor"
"64",0.123839009287926,0.676470588235294,0.201944394257745,"Glioblastoma Multiforme","Primary Tumor"
"65",0.126934984520124,0.676470588235294,0.201375844547669,"Glioblastoma Multiforme","Primary Tumor"
"66",0.130030959752322,0.676470588235294,0.200749679103662,"Glioblastoma Multiforme","Primary Tumor"
"67",0.13312693498452,0.676470588235294,0.179213476960304,"Glioblastoma Multiforme","Primary Tumor"
"68",0.136222910216718,0.676470588235294,0.178005184175332,"Glioblastoma Multiforme","Primary Tumor"
"69",0.139318885448916,0.676470588235294,0.167127461614142,"Glioblastoma Multiforme","Primary Tumor"
"70",0.142414860681115,0.676470588235294,0.163771925289734,"Glioblastoma Multiforme","Primary Tumor"
"71",0.145510835913313,0.676470588235294,0.163209972330229,"Glioblastoma Multiforme","Primary Tumor"
"72",0.145510835913313,0.705882352941177,0.161129331300883,"Glioblastoma Multiforme","Primary Tumor"
"73",0.148606811145511,0.705882352941177,0.161015018463975,"Glioblastoma Multiforme","Primary Tumor"
"74",0.151702786377709,0.705882352941177,0.154211860386813,"Glioblastoma Multiforme","Primary Tumor"
"75",0.154798761609907,0.705882352941177,0.153012158918101,"Glioblastoma Multiforme","Primary Tumor"
"76",0.157894736842105,0.705882352941177,0.1482009244568,"Glioblastoma Multiforme","Primary Tumor"
"77",0.160990712074303,0.705882352941177,0.14730451590539,"Glioblastoma Multiforme","Primary Tumor"
"78",0.164086687306502,0.705882352941177,0.138523706035817,"Glioblastoma Multiforme","Primary Tumor"
"79",0.1671826625387,0.705882352941177,0.134266372021847,"Glioblastoma Multiforme","Primary Tumor"
"80",0.170278637770898,0.705882352941177,0.13206306867459,"Glioblastoma Multiforme","Primary Tumor"
"81",0.173374613003096,0.705882352941177,0.130955607704353,"Glioblastoma Multiforme","Primary Tumor"
"82",0.176470588235294,0.705882352941177,0.129977243364696,"Glioblastoma Multiforme","Primary Tumor"
"83",0.179566563467492,0.705882352941177,0.125869899665272,"Glioblastoma Multiforme","Primary Tumor"
"84",0.18266253869969,0.705882352941177,0.118715684415989,"Glioblastoma Multiforme","Primary Tumor"
"85",0.185758513931889,0.705882352941177,0.117005188743478,"Glioblastoma Multiforme","Primary Tumor"
"86",0.188854489164087,0.705882352941177,0.111627601695457,"Glioblastoma Multiforme","Primary Tumor"
"87",0.191950464396285,0.705882352941177,0.110298060097865,"Glioblastoma Multiforme","Primary Tumor"
"88",0.195046439628483,0.705882352941177,0.10649922206211,"Glioblastoma Multiforme","Primary Tumor"
"89",0.198142414860681,0.705882352941177,0.103016137895762,"Glioblastoma Multiforme","Primary Tumor"
"90",0.201238390092879,0.705882352941177,0.102451747148235,"Glioblastoma Multiforme","Primary Tumor"
"91",0.204334365325077,0.705882352941177,0.0960888440064579,"Glioblastoma Multiforme","Primary Tumor"
"92",0.207430340557276,0.705882352941177,0.0933630213577614,"Glioblastoma Multiforme","Primary Tumor"
"93",0.210526315789474,0.705882352941177,0.0883535559211299,"Glioblastoma Multiforme","Primary Tumor"
"94",0.213622291021672,0.705882352941177,0.0881196138267756,"Glioblastoma Multiforme","Primary Tumor"
"95",0.21671826625387,0.705882352941177,0.0880101298293134,"Glioblastoma Multiforme","Primary Tumor"
"96",0.219814241486068,0.705882352941177,0.0839932838783969,"Glioblastoma Multiforme","Primary Tumor"
"97",0.222910216718266,0.705882352941177,0.0827797617588429,"Glioblastoma Multiforme","Primary Tumor"
"98",0.226006191950464,0.705882352941177,0.0821448524773951,"Glioblastoma Multiforme","Primary Tumor"
"99",0.229102167182663,0.705882352941177,0.0812496210451931,"Glioblastoma Multiforme","Primary Tumor"
"100",0.232198142414861,0.705882352941177,0.080251237475256,"Glioblastoma Multiforme","Primary Tumor"
"101",0.235294117647059,0.705882352941177,0.0798247605778547,"Glioblastoma Multiforme","Primary Tumor"
"102",0.235294117647059,0.735294117647059,0.0787554734484932,"Glioblastoma Multiforme","Primary Tumor"
"103",0.238390092879257,0.735294117647059,0.0780775548574025,"Glioblastoma Multiforme","Primary Tumor"
"104",0.241486068111455,0.735294117647059,0.077922688917914,"Glioblastoma Multiforme","Primary Tumor"
"105",0.244582043343653,0.735294117647059,0.07738337048693,"Glioblastoma Multiforme","Primary Tumor"
"106",0.244582043343653,0.764705882352941,0.0773187766297735,"Glioblastoma Multiforme","Primary Tumor"
"107",0.247678018575851,0.764705882352941,0.0761588073818799,"Glioblastoma Multiforme","Primary Tumor"
"108",0.25077399380805,0.764705882352941,0.0759308594203446,"Glioblastoma Multiforme","Primary Tumor"
"109",0.25077399380805,0.794117647058823,0.0746983633612209,"Glioblastoma Multiforme","Primary Tumor"
"110",0.253869969040248,0.794117647058823,0.0729725215391206,"Glioblastoma Multiforme","Primary Tumor"
"111",0.256965944272446,0.794117647058823,0.0709582991448218,"Glioblastoma Multiforme","Primary Tumor"
"112",0.260061919504644,0.794117647058823,0.0692335053079713,"Glioblastoma Multiforme","Primary Tumor"
"113",0.263157894736842,0.794117647058823,0.0668150147570193,"Glioblastoma Multiforme","Primary Tumor"
"114",0.26625386996904,0.794117647058823,0.0660152782848997,"Glioblastoma Multiforme","Primary Tumor"
"115",0.269349845201238,0.794117647058823,0.065563068440968,"Glioblastoma Multiforme","Primary Tumor"
"116",0.272445820433437,0.794117647058823,0.0654525928012076,"Glioblastoma Multiforme","Primary Tumor"
"117",0.275541795665635,0.794117647058823,0.063323904274128,"Glioblastoma Multiforme","Primary Tumor"
"118",0.278637770897833,0.794117647058823,0.0633134803777014,"Glioblastoma Multiforme","Primary Tumor"
"119",0.281733746130031,0.794117647058823,0.0610772422647678,"Glioblastoma Multiforme","Primary Tumor"
"120",0.284829721362229,0.794117647058823,0.0605528489471579,"Glioblastoma Multiforme","Primary Tumor"
"121",0.287925696594427,0.794117647058823,0.056883244262535,"Glioblastoma Multiforme","Primary Tumor"
"122",0.291021671826625,0.794117647058823,0.0567783171331392,"Glioblastoma Multiforme","Primary Tumor"
"123",0.294117647058824,0.794117647058823,0.0565489727956699,"Glioblastoma Multiforme","Primary Tumor"
"124",0.297213622291022,0.794117647058823,0.0562465268105096,"Glioblastoma Multiforme","Primary Tumor"
"125",0.30030959752322,0.794117647058823,0.0561768379715198,"Glioblastoma Multiforme","Primary Tumor"
"126",0.303405572755418,0.794117647058823,0.0542556536465124,"Glioblastoma Multiforme","Primary Tumor"
"127",0.306501547987616,0.794117647058823,0.0541744901857898,"Glioblastoma Multiforme","Primary Tumor"
"128",0.309597523219814,0.794117647058823,0.0540099731726036,"Glioblastoma Multiforme","Primary Tumor"
"129",0.312693498452012,0.794117647058823,0.053889396657046,"Glioblastoma Multiforme","Primary Tumor"
"130",0.315789473684211,0.794117647058823,0.0536751125706537,"Glioblastoma Multiforme","Primary Tumor"
"131",0.318885448916409,0.794117647058823,0.0536553494891271,"Glioblastoma Multiforme","Primary Tumor"
"132",0.321981424148607,0.794117647058823,0.0531702782374317,"Glioblastoma Multiforme","Primary Tumor"
"133",0.325077399380805,0.794117647058823,0.0528093614224965,"Glioblastoma Multiforme","Primary Tumor"
"134",0.328173374613003,0.794117647058823,0.0519132442338225,"Glioblastoma Multiforme","Primary Tumor"
"135",0.331269349845201,0.794117647058823,0.0518191495254328,"Glioblastoma Multiforme","Primary Tumor"
"136",0.334365325077399,0.794117647058823,0.0480971139928116,"Glioblastoma Multiforme","Primary Tumor"
"137",0.337461300309598,0.794117647058823,0.0480754449160795,"Glioblastoma Multiforme","Primary Tumor"
"138",0.340557275541796,0.794117647058823,0.0451196675318634,"Glioblastoma Multiforme","Primary Tumor"
"139",0.343653250773994,0.794117647058823,0.0448713852574853,"Glioblastoma Multiforme","Primary Tumor"
"140",0.346749226006192,0.794117647058823,0.0448115935769225,"Glioblastoma Multiforme","Primary Tumor"
"141",0.346749226006192,0.823529411764706,0.0444085996029843,"Glioblastoma Multiforme","Primary Tumor"
"142",0.34984520123839,0.823529411764706,0.0442575526663936,"Glioblastoma Multiforme","Primary Tumor"
"143",0.352941176470588,0.823529411764706,0.0429476647705575,"Glioblastoma Multiforme","Primary Tumor"
"144",0.356037151702786,0.823529411764706,0.0423980793638438,"Glioblastoma Multiforme","Primary Tumor"
"145",0.359133126934985,0.823529411764706,0.041501193488605,"Glioblastoma Multiforme","Primary Tumor"
"146",0.362229102167183,0.823529411764706,0.0413494901306111,"Glioblastoma Multiforme","Primary Tumor"
"147",0.365325077399381,0.823529411764706,0.0405458780895284,"Glioblastoma Multiforme","Primary Tumor"
"148",0.368421052631579,0.823529411764706,0.0398740380684741,"Glioblastoma Multiforme","Primary Tumor"
"149",0.371517027863777,0.823529411764706,0.0394064609198084,"Glioblastoma Multiforme","Primary Tumor"
"150",0.374613003095975,0.823529411764706,0.0384295128148572,"Glioblastoma Multiforme","Primary Tumor"
"151",0.377708978328173,0.823529411764706,0.037697602536648,"Glioblastoma Multiforme","Primary Tumor"
"152",0.380804953560372,0.823529411764706,0.037212246314038,"Glioblastoma Multiforme","Primary Tumor"
"153",0.38390092879257,0.823529411764706,0.0369124287960966,"Glioblastoma Multiforme","Primary Tumor"
"154",0.386996904024768,0.823529411764706,0.0364172636828057,"Glioblastoma Multiforme","Primary Tumor"
"155",0.390092879256966,0.823529411764706,0.0354800463596026,"Glioblastoma Multiforme","Primary Tumor"
"156",0.393188854489164,0.823529411764706,0.0351430346097429,"Glioblastoma Multiforme","Primary Tumor"
"157",0.396284829721362,0.823529411764706,0.0346859296418642,"Glioblastoma Multiforme","Primary Tumor"
"158",0.39938080495356,0.823529411764706,0.0342853336921179,"Glioblastoma Multiforme","Primary Tumor"
"159",0.402476780185758,0.823529411764706,0.0334752155024083,"Glioblastoma Multiforme","Primary Tumor"
"160",0.405572755417957,0.823529411764706,0.0332930756232484,"Glioblastoma Multiforme","Primary Tumor"
"161",0.408668730650155,0.823529411764706,0.0332692513866849,"Glioblastoma Multiforme","Primary Tumor"
"162",0.411764705882353,0.823529411764706,0.03238018861575,"Glioblastoma Multiforme","Primary Tumor"
"163",0.414860681114551,0.823529411764706,0.0317998724425891,"Glioblastoma Multiforme","Primary Tumor"
"164",0.417956656346749,0.823529411764706,0.0316879011905777,"Glioblastoma Multiforme","Primary Tumor"
"165",0.421052631578947,0.823529411764706,0.0315134421060868,"Glioblastoma Multiforme","Primary Tumor"
"166",0.424148606811146,0.823529411764706,0.0314157102741362,"Glioblastoma Multiforme","Primary Tumor"
"167",0.427244582043344,0.823529411764706,0.0313525682605172,"Glioblastoma Multiforme","Primary Tumor"
"168",0.430340557275542,0.823529411764706,0.0300450011305176,"Glioblastoma Multiforme","Primary Tumor"
"169",0.43343653250774,0.823529411764706,0.029629340730218,"Glioblastoma Multiforme","Primary Tumor"
"170",0.436532507739938,0.823529411764706,0.029462550551302,"Glioblastoma Multiforme","Primary Tumor"
"171",0.439628482972136,0.823529411764706,0.0287580220964856,"Glioblastoma Multiforme","Primary Tumor"
"172",0.442724458204334,0.823529411764706,0.028731041307147,"Glioblastoma Multiforme","Primary Tumor"
"173",0.445820433436532,0.823529411764706,0.027901641406523,"Glioblastoma Multiforme","Primary Tumor"
"174",0.448916408668731,0.823529411764706,0.0274847790164447,"Glioblastoma Multiforme","Primary Tumor"
"175",0.452012383900929,0.823529411764706,0.0271373880538982,"Glioblastoma Multiforme","Primary Tumor"
"176",0.455108359133127,0.823529411764706,0.0264323689493676,"Glioblastoma Multiforme","Primary Tumor"
"177",0.458204334365325,0.823529411764706,0.0263394890586166,"Glioblastoma Multiforme","Primary Tumor"
"178",0.461300309597523,0.823529411764706,0.025701128201123,"Glioblastoma Multiforme","Primary Tumor"
"179",0.464396284829721,0.823529411764706,0.0254877680803531,"Glioblastoma Multiforme","Primary Tumor"
"180",0.46749226006192,0.823529411764706,0.0253587498515733,"Glioblastoma Multiforme","Primary Tumor"
"181",0.470588235294118,0.823529411764706,0.0245488273974512,"Glioblastoma Multiforme","Primary Tumor"
"182",0.473684210526316,0.823529411764706,0.0239201058792802,"Glioblastoma Multiforme","Primary Tumor"
"183",0.476780185758514,0.823529411764706,0.023483238937419,"Glioblastoma Multiforme","Primary Tumor"
"184",0.479876160990712,0.823529411764706,0.0228076833588426,"Glioblastoma Multiforme","Primary Tumor"
"185",0.48297213622291,0.823529411764706,0.0221331811570391,"Glioblastoma Multiforme","Primary Tumor"
"186",0.486068111455108,0.823529411764706,0.0218063996058357,"Glioblastoma Multiforme","Primary Tumor"
"187",0.489164086687306,0.823529411764706,0.0213922858035037,"Glioblastoma Multiforme","Primary Tumor"
"188",0.492260061919505,0.823529411764706,0.0212755620767101,"Glioblastoma Multiforme","Primary Tumor"
"189",0.495356037151703,0.823529411764706,0.0210401443880153,"Glioblastoma Multiforme","Primary Tumor"
"190",0.498452012383901,0.823529411764706,0.0209322481638805,"Glioblastoma Multiforme","Primary Tumor"
"191",0.501547987616099,0.823529411764706,0.0199184929281428,"Glioblastoma Multiforme","Primary Tumor"
"192",0.504643962848297,0.823529411764706,0.019732484409774,"Glioblastoma Multiforme","Primary Tumor"
"193",0.507739938080495,0.823529411764706,0.0192520419359096,"Glioblastoma Multiforme","Primary Tumor"
"194",0.510835913312694,0.823529411764706,0.0191218463284885,"Glioblastoma Multiforme","Primary Tumor"
"195",0.513931888544892,0.823529411764706,0.0189351343872876,"Glioblastoma Multiforme","Primary Tumor"
"196",0.51702786377709,0.823529411764706,0.0188896203469962,"Glioblastoma Multiforme","Primary Tumor"
"197",0.520123839009288,0.823529411764706,0.018828855039378,"Glioblastoma Multiforme","Primary Tumor"
"198",0.523219814241486,0.823529411764706,0.0185094076958425,"Glioblastoma Multiforme","Primary Tumor"
"199",0.526315789473684,0.823529411764706,0.0184509742105069,"Glioblastoma Multiforme","Primary Tumor"
"200",0.529411764705882,0.823529411764706,0.0183350093759197,"Glioblastoma Multiforme","Primary Tumor"
"201",0.532507739938081,0.823529411764706,0.018217144630428,"Glioblastoma Multiforme","Primary Tumor"
"202",0.535603715170279,0.823529411764706,0.0178942703882377,"Glioblastoma Multiforme","Primary Tumor"
"203",0.538699690402477,0.823529411764706,0.017805804819287,"Glioblastoma Multiforme","Primary Tumor"
"204",0.541795665634675,0.823529411764706,0.0172710840689994,"Glioblastoma Multiforme","Primary Tumor"
"205",0.544891640866873,0.823529411764706,0.017092966132651,"Glioblastoma Multiforme","Primary Tumor"
"206",0.547987616099071,0.823529411764706,0.0168482619839449,"Glioblastoma Multiforme","Primary Tumor"
"207",0.551083591331269,0.823529411764706,0.0168146854582781,"Glioblastoma Multiforme","Primary Tumor"
"208",0.554179566563467,0.823529411764706,0.0167751437423095,"Glioblastoma Multiforme","Primary Tumor"
"209",0.557275541795666,0.823529411764706,0.0167674125296807,"Glioblastoma Multiforme","Primary Tumor"
"210",0.560371517027864,0.823529411764706,0.0160636195260538,"Glioblastoma Multiforme","Primary Tumor"
"211",0.563467492260062,0.823529411764706,0.0160187832597919,"Glioblastoma Multiforme","Primary Tumor"
"212",0.56656346749226,0.823529411764706,0.0157774076671851,"Glioblastoma Multiforme","Primary Tumor"
"213",0.569659442724458,0.823529411764706,0.015666017815093,"Glioblastoma Multiforme","Primary Tumor"
"214",0.572755417956656,0.823529411764706,0.0153183810977072,"Glioblastoma Multiforme","Primary Tumor"
"215",0.575851393188854,0.823529411764706,0.0152192161482756,"Glioblastoma Multiforme","Primary Tumor"
"216",0.578947368421053,0.823529411764706,0.0150628068612939,"Glioblastoma Multiforme","Primary Tumor"
"217",0.582043343653251,0.823529411764706,0.0150553063917603,"Glioblastoma Multiforme","Primary Tumor"
"218",0.585139318885449,0.823529411764706,0.0149518106603736,"Glioblastoma Multiforme","Primary Tumor"
"219",0.588235294117647,0.823529411764706,0.014805562751059,"Glioblastoma Multiforme","Primary Tumor"
"220",0.591331269349845,0.823529411764706,0.0144735500748448,"Glioblastoma Multiforme","Primary Tumor"
"221",0.594427244582043,0.823529411764706,0.0144160247615783,"Glioblastoma Multiforme","Primary Tumor"
"222",0.597523219814242,0.823529411764706,0.0142777276077331,"Glioblastoma Multiforme","Primary Tumor"
"223",0.60061919504644,0.823529411764706,0.0142090262788958,"Glioblastoma Multiforme","Primary Tumor"
"224",0.603715170278638,0.823529411764706,0.0139811820853564,"Glioblastoma Multiforme","Primary Tumor"
"225",0.603715170278638,0.852941176470588,0.0136021671746743,"Glioblastoma Multiforme","Primary Tumor"
"226",0.606811145510836,0.852941176470588,0.0134412990654573,"Glioblastoma Multiforme","Primary Tumor"
"227",0.609907120743034,0.852941176470588,0.0133954183829525,"Glioblastoma Multiforme","Primary Tumor"
"228",0.613003095975232,0.852941176470588,0.0131291653506411,"Glioblastoma Multiforme","Primary Tumor"
"229",0.61609907120743,0.852941176470588,0.0124481965787951,"Glioblastoma Multiforme","Primary Tumor"
"230",0.619195046439629,0.852941176470588,0.0123638147707851,"Glioblastoma Multiforme","Primary Tumor"
"231",0.622291021671827,0.852941176470588,0.0123604402766285,"Glioblastoma Multiforme","Primary Tumor"
"232",0.625386996904025,0.852941176470588,0.0122032178141712,"Glioblastoma Multiforme","Primary Tumor"
"233",0.625386996904025,0.882352941176471,0.0120318767077254,"Glioblastoma Multiforme","Primary Tumor"
"234",0.628482972136223,0.882352941176471,0.01174674495621,"Glioblastoma Multiforme","Primary Tumor"
"235",0.631578947368421,0.882352941176471,0.0116119278851367,"Glioblastoma Multiforme","Primary Tumor"
"236",0.634674922600619,0.882352941176471,0.0115599171969669,"Glioblastoma Multiforme","Primary Tumor"
"237",0.637770897832817,0.882352941176471,0.0115396714202353,"Glioblastoma Multiforme","Primary Tumor"
"238",0.640866873065015,0.882352941176471,0.011506347272822,"Glioblastoma Multiforme","Primary Tumor"
"239",0.643962848297214,0.882352941176471,0.0114337367099998,"Glioblastoma Multiforme","Primary Tumor"
"240",0.647058823529412,0.882352941176471,0.0112757302179508,"Glioblastoma Multiforme","Primary Tumor"
"241",0.65015479876161,0.882352941176471,0.0111448990585227,"Glioblastoma Multiforme","Primary Tumor"
"242",0.653250773993808,0.882352941176471,0.0110604400037045,"Glioblastoma Multiforme","Primary Tumor"
"243",0.656346749226006,0.882352941176471,0.0110353976818515,"Glioblastoma Multiforme","Primary Tumor"
"244",0.659442724458204,0.882352941176471,0.0109382558995507,"Glioblastoma Multiforme","Primary Tumor"
"245",0.662538699690402,0.882352941176471,0.0108753638244666,"Glioblastoma Multiforme","Primary Tumor"
"246",0.665634674922601,0.882352941176471,0.0107325242888761,"Glioblastoma Multiforme","Primary Tumor"
"247",0.668730650154799,0.882352941176471,0.0103233226858376,"Glioblastoma Multiforme","Primary Tumor"
"248",0.671826625386997,0.882352941176471,0.0100783750144405,"Glioblastoma Multiforme","Primary Tumor"
"249",0.674922600619195,0.882352941176471,0.0100199330116499,"Glioblastoma Multiforme","Primary Tumor"
"250",0.678018575851393,0.882352941176471,0.00970014283712388,"Glioblastoma Multiforme","Primary Tumor"
"251",0.681114551083591,0.882352941176471,0.00966124524384507,"Glioblastoma Multiforme","Primary Tumor"
"252",0.684210526315789,0.882352941176471,0.00949913342413028,"Glioblastoma Multiforme","Primary Tumor"
"253",0.687306501547988,0.882352941176471,0.00940508622351204,"Glioblastoma Multiforme","Primary Tumor"
"254",0.690402476780186,0.882352941176471,0.00914652803282249,"Glioblastoma Multiforme","Primary Tumor"
"255",0.693498452012384,0.882352941176471,0.00908284862951505,"Glioblastoma Multiforme","Primary Tumor"
"256",0.696594427244582,0.882352941176471,0.00903866122681267,"Glioblastoma Multiforme","Primary Tumor"
"257",0.69969040247678,0.882352941176471,0.00881366989703598,"Glioblastoma Multiforme","Primary Tumor"
"258",0.702786377708978,0.882352941176471,0.00875662123833939,"Glioblastoma Multiforme","Primary Tumor"
"259",0.705882352941177,0.882352941176471,0.00874011390210721,"Glioblastoma Multiforme","Primary Tumor"
"260",0.708978328173375,0.882352941176471,0.00853996064667329,"Glioblastoma Multiforme","Primary Tumor"
"261",0.712074303405573,0.882352941176471,0.00816143883615129,"Glioblastoma Multiforme","Primary Tumor"
"262",0.715170278637771,0.882352941176471,0.00814574528136659,"Glioblastoma Multiforme","Primary Tumor"
"263",0.718266253869969,0.882352941176471,0.00779644329681499,"Glioblastoma Multiforme","Primary Tumor"
"264",0.721362229102167,0.882352941176471,0.00764911651548802,"Glioblastoma Multiforme","Primary Tumor"
"265",0.724458204334365,0.882352941176471,0.00757014985951162,"Glioblastoma Multiforme","Primary Tumor"
"266",0.727554179566563,0.882352941176471,0.0075566612182442,"Glioblastoma Multiforme","Primary Tumor"
"267",0.730650154798762,0.882352941176471,0.00752935387052573,"Glioblastoma Multiforme","Primary Tumor"
"268",0.73374613003096,0.882352941176471,0.00733232274067451,"Glioblastoma Multiforme","Primary Tumor"
"269",0.736842105263158,0.882352941176471,0.00729170484322606,"Glioblastoma Multiforme","Primary Tumor"
"270",0.739938080495356,0.882352941176471,0.00727817865941674,"Glioblastoma Multiforme","Primary Tumor"
"271",0.743034055727554,0.882352941176471,0.00715343154400793,"Glioblastoma Multiforme","Primary Tumor"
"272",0.746130030959752,0.882352941176471,0.00714529944526741,"Glioblastoma Multiforme","Primary Tumor"
"273",0.74922600619195,0.882352941176471,0.00703337837539498,"Glioblastoma Multiforme","Primary Tumor"
"274",0.752321981424149,0.882352941176471,0.00688780110898878,"Glioblastoma Multiforme","Primary Tumor"
"275",0.755417956656347,0.882352941176471,0.00676386433906732,"Glioblastoma Multiforme","Primary Tumor"
"276",0.758513931888545,0.882352941176471,0.00633433480357357,"Glioblastoma Multiforme","Primary Tumor"
"277",0.761609907120743,0.882352941176471,0.00621682399755651,"Glioblastoma Multiforme","Primary Tumor"
"278",0.761609907120743,0.911764705882353,0.00618904386104629,"Glioblastoma Multiforme","Primary Tumor"
"279",0.764705882352941,0.911764705882353,0.00609318402604654,"Glioblastoma Multiforme","Primary Tumor"
"280",0.767801857585139,0.911764705882353,0.00601904171086544,"Glioblastoma Multiforme","Primary Tumor"
"281",0.770897832817337,0.911764705882353,0.00597124004989902,"Glioblastoma Multiforme","Primary Tumor"
"282",0.773993808049536,0.911764705882353,0.0057680584152211,"Glioblastoma Multiforme","Primary Tumor"
"283",0.777089783281734,0.911764705882353,0.00575745165130577,"Glioblastoma Multiforme","Primary Tumor"
"284",0.777089783281734,0.941176470588235,0.00572653166279094,"Glioblastoma Multiforme","Primary Tumor"
"285",0.780185758513932,0.941176470588235,0.00565970935467739,"Glioblastoma Multiforme","Primary Tumor"
"286",0.78328173374613,0.941176470588235,0.0055933083093379,"Glioblastoma Multiforme","Primary Tumor"
"287",0.78328173374613,0.970588235294118,0.00555629142439516,"Glioblastoma Multiforme","Primary Tumor"
"288",0.786377708978328,0.970588235294118,0.0048761561342515,"Glioblastoma Multiforme","Primary Tumor"
"289",0.789473684210526,0.970588235294118,0.00467292631723146,"Glioblastoma Multiforme","Primary Tumor"
"290",0.792569659442725,0.970588235294118,0.00466574364127104,"Glioblastoma Multiforme","Primary Tumor"
"291",0.795665634674923,0.970588235294118,0.00461567515229361,"Glioblastoma Multiforme","Primary Tumor"
"292",0.798761609907121,0.970588235294118,0.00446540906498481,"Glioblastoma Multiforme","Primary Tumor"
"293",0.801857585139319,0.970588235294118,0.00445613645253977,"Glioblastoma Multiforme","Primary Tumor"
"294",0.804953560371517,0.970588235294118,0.00443994980046342,"Glioblastoma Multiforme","Primary Tumor"
"295",0.808049535603715,0.970588235294118,0.00443837787080165,"Glioblastoma Multiforme","Primary Tumor"
"296",0.811145510835913,0.970588235294118,0.00439182777916014,"Glioblastoma Multiforme","Primary Tumor"
"297",0.814241486068111,0.970588235294118,0.00426913835940109,"Glioblastoma Multiforme","Primary Tumor"
"298",0.81733746130031,0.970588235294118,0.00415703219408216,"Glioblastoma Multiforme","Primary Tumor"
"299",0.820433436532508,0.970588235294118,0.00400297657832438,"Glioblastoma Multiforme","Primary Tumor"
"300",0.823529411764706,0.970588235294118,0.0039647221239576,"Glioblastoma Multiforme","Primary Tumor"
"301",0.826625386996904,0.970588235294118,0.00376141255825877,"Glioblastoma Multiforme","Primary Tumor"
"302",0.829721362229102,0.970588235294118,0.00347467371516988,"Glioblastoma Multiforme","Primary Tumor"
"303",0.8328173374613,0.970588235294118,0.0033384478233998,"Glioblastoma Multiforme","Primary Tumor"
"304",0.835913312693498,0.970588235294118,0.00326171031032901,"Glioblastoma Multiforme","Primary Tumor"
"305",0.839009287925697,0.970588235294118,0.00323523408286675,"Glioblastoma Multiforme","Primary Tumor"
"306",0.842105263157895,0.970588235294118,0.00304471889979933,"Glioblastoma Multiforme","Primary Tumor"
"307",0.845201238390093,0.970588235294118,0.0030179818108805,"Glioblastoma Multiforme","Primary Tumor"
"308",0.848297213622291,0.970588235294118,0.00298820922773174,"Glioblastoma Multiforme","Primary Tumor"
"309",0.851393188854489,0.970588235294118,0.00290444962594792,"Glioblastoma Multiforme","Primary Tumor"
"310",0.854489164086687,0.970588235294118,0.00288125047603639,"Glioblastoma Multiforme","Primary Tumor"
"311",0.857585139318885,0.970588235294118,0.00281673478189647,"Glioblastoma Multiforme","Primary Tumor"
"312",0.860681114551084,0.970588235294118,0.00280480249486811,"Glioblastoma Multiforme","Primary Tumor"
"313",0.863777089783282,0.970588235294118,0.00277744306199224,"Glioblastoma Multiforme","Primary Tumor"
"314",0.86687306501548,0.970588235294118,0.0027074333840954,"Glioblastoma Multiforme","Primary Tumor"
"315",0.869969040247678,0.970588235294118,0.00264180220048795,"Glioblastoma Multiforme","Primary Tumor"
"316",0.873065015479876,0.970588235294118,0.00251025171592266,"Glioblastoma Multiforme","Primary Tumor"
"317",0.876160990712074,0.970588235294118,0.00246389614621502,"Glioblastoma Multiforme","Primary Tumor"
"318",0.879256965944272,0.970588235294118,0.00244669911089185,"Glioblastoma Multiforme","Primary Tumor"
"319",0.882352941176471,0.970588235294118,0.00234916149324025,"Glioblastoma Multiforme","Primary Tumor"
"320",0.885448916408669,0.970588235294118,0.00227513485640202,"Glioblastoma Multiforme","Primary Tumor"
"321",0.885448916408669,1,0.00221319581854412,"Glioblastoma Multiforme","Primary Tumor"
"322",0.888544891640867,1,0.00220754182844476,"Glioblastoma Multiforme","Primary Tumor"
"323",0.891640866873065,1,0.00215336088850511,"Glioblastoma Multiforme","Primary Tumor"
"324",0.894736842105263,1,0.00208613287493181,"Glioblastoma Multiforme","Primary Tumor"
"325",0.897832817337461,1,0.00205606800525005,"Glioblastoma Multiforme","Primary Tumor"
"326",0.900928792569659,1,0.00204947938996777,"Glioblastoma Multiforme","Primary Tumor"
"327",0.904024767801858,1,0.00200429134769692,"Glioblastoma Multiforme","Primary Tumor"
"328",0.907120743034056,1,0.00200246478491511,"Glioblastoma Multiforme","Primary Tumor"
"329",0.910216718266254,1,0.00198294277453443,"Glioblastoma Multiforme","Primary Tumor"
"330",0.913312693498452,1,0.00195919170123873,"Glioblastoma Multiforme","Primary Tumor"
"331",0.91640866873065,1,0.00184640562046518,"Glioblastoma Multiforme","Primary Tumor"
"332",0.919504643962848,1,0.00179291281510666,"Glioblastoma Multiforme","Primary Tumor"
"333",0.922600619195046,1,0.00170570410973895,"Glioblastoma Multiforme","Primary Tumor"
"334",0.925696594427245,1,0.00167710019912863,"Glioblastoma Multiforme","Primary Tumor"
"335",0.928792569659443,1,0.00165418677910056,"Glioblastoma Multiforme","Primary Tumor"
"336",0.931888544891641,1,0.00156738030498117,"Glioblastoma Multiforme","Primary Tumor"
"337",0.934984520123839,1,0.00142382252935174,"Glioblastoma Multiforme","Primary Tumor"
"338",0.938080495356037,1,0.00141494602581837,"Glioblastoma Multiforme","Primary Tumor"
"339",0.941176470588235,1,0.00136022396568136,"Glioblastoma Multiforme","Primary Tumor"
"340",0.944272445820433,1,0.00132350132601367,"Glioblastoma Multiforme","Primary Tumor"
"341",0.947368421052632,1,0.00130579276391374,"Glioblastoma Multiforme","Primary Tumor"
"342",0.95046439628483,1,0.00129918116077347,"Glioblastoma Multiforme","Primary Tumor"
"343",0.953560371517028,1,0.00114192331361735,"Glioblastoma Multiforme","Primary Tumor"
"344",0.956656346749226,1,0.00110250642969292,"Glioblastoma Multiforme","Primary Tumor"
"345",0.959752321981424,1,0.0010119591621844,"Glioblastoma Multiforme","Primary Tumor"
"346",0.962848297213622,1,0.0010094986054621,"Glioblastoma Multiforme","Primary Tumor"
"347",0.96594427244582,1,0.000980005297441773,"Glioblastoma Multiforme","Primary Tumor"
"348",0.969040247678019,1,0.000855832633011797,"Glioblastoma Multiforme","Primary Tumor"
"349",0.972136222910217,1,0.000743257092406443,"Glioblastoma Multiforme","Primary Tumor"
"350",0.975232198142415,1,0.000620726401129953,"Glioblastoma Multiforme","Primary Tumor"
"351",0.978328173374613,1,0.000586267120151913,"Glioblastoma Multiforme","Primary Tumor"
"352",0.981424148606811,1,0.000545962798832268,"Glioblastoma Multiforme","Primary Tumor"
"353",0.984520123839009,1,0.000511181658459216,"Glioblastoma Multiforme","Primary Tumor"
"354",0.987616099071207,1,0.000412406581573255,"Glioblastoma Multiforme","Primary Tumor"
"355",0.990712074303406,1,0.000355150890801942,"Glioblastoma Multiforme","Primary Tumor"
"356",0.993808049535604,1,0.000332272341025151,"Glioblastoma Multiforme","Primary Tumor"
"357",0.996904024767802,1,0.000267055721058341,"Glioblastoma Multiforme","Primary Tumor"
"358",1,1,0.000267055721058341,"Glioblastoma Multiforme","Primary Tumor"
