"1",0,0,0.901960443830398,"Thyroid Carcinoma","Blood Derived Normal"
"2",0.00130039011703511,0,0.87755988557909,"Thyroid Carcinoma","Blood Derived Normal"
"3",0.00260078023407022,0,0.788541165407819,"Thyroid Carcinoma","Blood Derived Normal"
"4",0.00390117035110533,0,0.772242994334717,"Thyroid Carcinoma","Blood Derived Normal"
"5",0.00520156046814044,0,0.767880349943086,"Thyroid Carcinoma","Blood Derived Normal"
"6",0.00650195058517555,0,0.725423299997771,"Thyroid Carcinoma","Blood Derived Normal"
"7",0.00780234070221066,0,0.705753212257728,"Thyroid Carcinoma","Blood Derived Normal"
"8",0.00910273081924577,0,0.698663823599664,"Thyroid Carcinoma","Blood Derived Normal"
"9",0.0104031209362809,0,0.686872875670984,"Thyroid Carcinoma","Blood Derived Normal"
"10",0.011703511053316,0,0.675197386694289,"Thyroid Carcinoma","Blood Derived Normal"
"11",0.0130039011703511,0,0.665972195551323,"Thyroid Carcinoma","Blood Derived Normal"
"12",0.0143042912873862,0,0.665389414618663,"Thyroid Carcinoma","Blood Derived Normal"
"13",0.0156046814044213,0,0.651573935182753,"Thyroid Carcinoma","Blood Derived Normal"
"14",0.0169050715214564,0,0.63741185699669,"Thyroid Carcinoma","Blood Derived Normal"
"15",0.0169050715214564,0.0144927536231884,0.634939959865631,"Thyroid Carcinoma","Blood Derived Normal"
"16",0.0182054616384915,0.0144927536231884,0.634091085596942,"Thyroid Carcinoma","Blood Derived Normal"
"17",0.0195058517555267,0.0144927536231884,0.632506016778312,"Thyroid Carcinoma","Blood Derived Normal"
"18",0.0208062418725618,0.0144927536231884,0.628854548783658,"Thyroid Carcinoma","Blood Derived Normal"
"19",0.0221066319895969,0.0144927536231884,0.618512578049138,"Thyroid Carcinoma","Blood Derived Normal"
"20",0.023407022106632,0.0144927536231884,0.605745314682619,"Thyroid Carcinoma","Blood Derived Normal"
"21",0.0247074122236671,0.0144927536231884,0.597194541068907,"Thyroid Carcinoma","Blood Derived Normal"
"22",0.0260078023407022,0.0144927536231884,0.595294469097374,"Thyroid Carcinoma","Blood Derived Normal"
"23",0.0273081924577373,0.0144927536231884,0.590339335221619,"Thyroid Carcinoma","Blood Derived Normal"
"24",0.0273081924577373,0.0289855072463768,0.585853049376781,"Thyroid Carcinoma","Blood Derived Normal"
"25",0.0286085825747724,0.0289855072463768,0.578047953830911,"Thyroid Carcinoma","Blood Derived Normal"
"26",0.0299089726918075,0.0289855072463768,0.576790447841562,"Thyroid Carcinoma","Blood Derived Normal"
"27",0.0312093628088427,0.0289855072463768,0.574721083486138,"Thyroid Carcinoma","Blood Derived Normal"
"28",0.0325097529258778,0.0289855072463768,0.574640277048273,"Thyroid Carcinoma","Blood Derived Normal"
"29",0.0338101430429129,0.0289855072463768,0.57273992079939,"Thyroid Carcinoma","Blood Derived Normal"
"30",0.035110533159948,0.0289855072463768,0.565777547726257,"Thyroid Carcinoma","Blood Derived Normal"
"31",0.0364109232769831,0.0289855072463768,0.561704186786376,"Thyroid Carcinoma","Blood Derived Normal"
"32",0.0377113133940182,0.0289855072463768,0.556500213567297,"Thyroid Carcinoma","Blood Derived Normal"
"33",0.0390117035110533,0.0289855072463768,0.54441389741415,"Thyroid Carcinoma","Blood Derived Normal"
"34",0.0403120936280884,0.0289855072463768,0.542161663805492,"Thyroid Carcinoma","Blood Derived Normal"
"35",0.0416124837451235,0.0289855072463768,0.536451241588858,"Thyroid Carcinoma","Blood Derived Normal"
"36",0.0429128738621586,0.0289855072463768,0.531246901444238,"Thyroid Carcinoma","Blood Derived Normal"
"37",0.0442132639791938,0.0289855072463768,0.531017185923972,"Thyroid Carcinoma","Blood Derived Normal"
"38",0.0455136540962289,0.0289855072463768,0.527807970432049,"Thyroid Carcinoma","Blood Derived Normal"
"39",0.0455136540962289,0.0434782608695652,0.527565749641855,"Thyroid Carcinoma","Blood Derived Normal"
"40",0.046814044213264,0.0434782608695652,0.527306092248764,"Thyroid Carcinoma","Blood Derived Normal"
"41",0.0481144343302991,0.0434782608695652,0.524144808975009,"Thyroid Carcinoma","Blood Derived Normal"
"42",0.0494148244473342,0.0434782608695652,0.521305131966609,"Thyroid Carcinoma","Blood Derived Normal"
"43",0.0507152145643693,0.0434782608695652,0.520464942795758,"Thyroid Carcinoma","Blood Derived Normal"
"44",0.0520156046814044,0.0434782608695652,0.507913937133371,"Thyroid Carcinoma","Blood Derived Normal"
"45",0.0533159947984395,0.0434782608695652,0.502959756487292,"Thyroid Carcinoma","Blood Derived Normal"
"46",0.0546163849154746,0.0434782608695652,0.501462964672237,"Thyroid Carcinoma","Blood Derived Normal"
"47",0.0559167750325098,0.0434782608695652,0.499715237543409,"Thyroid Carcinoma","Blood Derived Normal"
"48",0.0572171651495449,0.0434782608695652,0.498482917620726,"Thyroid Carcinoma","Blood Derived Normal"
"49",0.05851755526658,0.0434782608695652,0.497060021140227,"Thyroid Carcinoma","Blood Derived Normal"
"50",0.0598179453836151,0.0434782608695652,0.492468976185038,"Thyroid Carcinoma","Blood Derived Normal"
"51",0.0611183355006502,0.0434782608695652,0.49019337089558,"Thyroid Carcinoma","Blood Derived Normal"
"52",0.0624187256176853,0.0434782608695652,0.487894371404336,"Thyroid Carcinoma","Blood Derived Normal"
"53",0.0637191157347204,0.0434782608695652,0.484946366526053,"Thyroid Carcinoma","Blood Derived Normal"
"54",0.0637191157347204,0.0579710144927536,0.480927358637861,"Thyroid Carcinoma","Blood Derived Normal"
"55",0.0650195058517555,0.0579710144927536,0.479811965504105,"Thyroid Carcinoma","Blood Derived Normal"
"56",0.0663198959687906,0.0579710144927536,0.474201769584233,"Thyroid Carcinoma","Blood Derived Normal"
"57",0.0676202860858258,0.0579710144927536,0.473074620305839,"Thyroid Carcinoma","Blood Derived Normal"
"58",0.0689206762028609,0.0579710144927536,0.472075387062981,"Thyroid Carcinoma","Blood Derived Normal"
"59",0.070221066319896,0.0579710144927536,0.471195543712151,"Thyroid Carcinoma","Blood Derived Normal"
"60",0.0715214564369311,0.0579710144927536,0.470809264475474,"Thyroid Carcinoma","Blood Derived Normal"
"61",0.0728218465539662,0.0579710144927536,0.470656926250155,"Thyroid Carcinoma","Blood Derived Normal"
"62",0.0741222366710013,0.0579710144927536,0.4694424659007,"Thyroid Carcinoma","Blood Derived Normal"
"63",0.0741222366710013,0.072463768115942,0.46450381516176,"Thyroid Carcinoma","Blood Derived Normal"
"64",0.0754226267880364,0.072463768115942,0.460185278778099,"Thyroid Carcinoma","Blood Derived Normal"
"65",0.0767230169050715,0.072463768115942,0.457837512202869,"Thyroid Carcinoma","Blood Derived Normal"
"66",0.0780234070221066,0.072463768115942,0.456595967517742,"Thyroid Carcinoma","Blood Derived Normal"
"67",0.0793237971391417,0.072463768115942,0.453000407659762,"Thyroid Carcinoma","Blood Derived Normal"
"68",0.0806241872561769,0.072463768115942,0.449545608251911,"Thyroid Carcinoma","Blood Derived Normal"
"69",0.081924577373212,0.072463768115942,0.445791231826486,"Thyroid Carcinoma","Blood Derived Normal"
"70",0.0832249674902471,0.072463768115942,0.445467719413421,"Thyroid Carcinoma","Blood Derived Normal"
"71",0.0845253576072822,0.072463768115942,0.440694853181681,"Thyroid Carcinoma","Blood Derived Normal"
"72",0.0858257477243173,0.072463768115942,0.436379109005508,"Thyroid Carcinoma","Blood Derived Normal"
"73",0.0871261378413524,0.072463768115942,0.435481240583698,"Thyroid Carcinoma","Blood Derived Normal"
"74",0.0884265279583875,0.072463768115942,0.431407249483494,"Thyroid Carcinoma","Blood Derived Normal"
"75",0.0897269180754226,0.072463768115942,0.423067926549019,"Thyroid Carcinoma","Blood Derived Normal"
"76",0.0910273081924577,0.072463768115942,0.420756423915006,"Thyroid Carcinoma","Blood Derived Normal"
"77",0.0923276983094928,0.072463768115942,0.413912204642936,"Thyroid Carcinoma","Blood Derived Normal"
"78",0.093628088426528,0.072463768115942,0.413818497501995,"Thyroid Carcinoma","Blood Derived Normal"
"79",0.0949284785435631,0.072463768115942,0.39930991392225,"Thyroid Carcinoma","Blood Derived Normal"
"80",0.0949284785435631,0.0869565217391304,0.398684546219258,"Thyroid Carcinoma","Blood Derived Normal"
"81",0.0962288686605982,0.0869565217391304,0.39614883285766,"Thyroid Carcinoma","Blood Derived Normal"
"82",0.0975292587776333,0.0869565217391304,0.39611718460182,"Thyroid Carcinoma","Blood Derived Normal"
"83",0.0988296488946684,0.0869565217391304,0.393867403611842,"Thyroid Carcinoma","Blood Derived Normal"
"84",0.100130039011704,0.0869565217391304,0.393494753396581,"Thyroid Carcinoma","Blood Derived Normal"
"85",0.101430429128739,0.0869565217391304,0.391919244966714,"Thyroid Carcinoma","Blood Derived Normal"
"86",0.102730819245774,0.0869565217391304,0.389001766406611,"Thyroid Carcinoma","Blood Derived Normal"
"87",0.104031209362809,0.0869565217391304,0.388154711478156,"Thyroid Carcinoma","Blood Derived Normal"
"88",0.104031209362809,0.101449275362319,0.387118541089311,"Thyroid Carcinoma","Blood Derived Normal"
"89",0.105331599479844,0.101449275362319,0.379972522706081,"Thyroid Carcinoma","Blood Derived Normal"
"90",0.106631989596879,0.101449275362319,0.379942164067243,"Thyroid Carcinoma","Blood Derived Normal"
"91",0.106631989596879,0.115942028985507,0.377736477102923,"Thyroid Carcinoma","Blood Derived Normal"
"92",0.107932379713914,0.115942028985507,0.374273000184823,"Thyroid Carcinoma","Blood Derived Normal"
"93",0.109232769830949,0.115942028985507,0.37082782111849,"Thyroid Carcinoma","Blood Derived Normal"
"94",0.110533159947984,0.115942028985507,0.370583630119446,"Thyroid Carcinoma","Blood Derived Normal"
"95",0.11183355006502,0.115942028985507,0.368910453890185,"Thyroid Carcinoma","Blood Derived Normal"
"96",0.113133940182055,0.115942028985507,0.362276831595264,"Thyroid Carcinoma","Blood Derived Normal"
"97",0.11443433029909,0.115942028985507,0.358413021875542,"Thyroid Carcinoma","Blood Derived Normal"
"98",0.115734720416125,0.115942028985507,0.357232767103107,"Thyroid Carcinoma","Blood Derived Normal"
"99",0.11703511053316,0.115942028985507,0.354664356521166,"Thyroid Carcinoma","Blood Derived Normal"
"100",0.118335500650195,0.115942028985507,0.354456901753126,"Thyroid Carcinoma","Blood Derived Normal"
"101",0.11963589076723,0.115942028985507,0.353879283320827,"Thyroid Carcinoma","Blood Derived Normal"
"102",0.120936280884265,0.115942028985507,0.353334534082578,"Thyroid Carcinoma","Blood Derived Normal"
"103",0.1222366710013,0.115942028985507,0.347262561308411,"Thyroid Carcinoma","Blood Derived Normal"
"104",0.123537061118335,0.115942028985507,0.345154272022021,"Thyroid Carcinoma","Blood Derived Normal"
"105",0.124837451235371,0.115942028985507,0.344065515007272,"Thyroid Carcinoma","Blood Derived Normal"
"106",0.126137841352406,0.115942028985507,0.340634145058261,"Thyroid Carcinoma","Blood Derived Normal"
"107",0.127438231469441,0.115942028985507,0.331938958228377,"Thyroid Carcinoma","Blood Derived Normal"
"108",0.128738621586476,0.115942028985507,0.329531381832916,"Thyroid Carcinoma","Blood Derived Normal"
"109",0.130039011703511,0.115942028985507,0.328576817238277,"Thyroid Carcinoma","Blood Derived Normal"
"110",0.131339401820546,0.115942028985507,0.325319981282141,"Thyroid Carcinoma","Blood Derived Normal"
"111",0.132639791937581,0.115942028985507,0.324152936634351,"Thyroid Carcinoma","Blood Derived Normal"
"112",0.132639791937581,0.130434782608696,0.321038765514548,"Thyroid Carcinoma","Blood Derived Normal"
"113",0.133940182054616,0.130434782608696,0.315257316731218,"Thyroid Carcinoma","Blood Derived Normal"
"114",0.135240572171652,0.130434782608696,0.311074979279377,"Thyroid Carcinoma","Blood Derived Normal"
"115",0.136540962288687,0.130434782608696,0.310501197827045,"Thyroid Carcinoma","Blood Derived Normal"
"116",0.137841352405722,0.130434782608696,0.309481718548052,"Thyroid Carcinoma","Blood Derived Normal"
"117",0.139141742522757,0.130434782608696,0.308784053576513,"Thyroid Carcinoma","Blood Derived Normal"
"118",0.140442132639792,0.130434782608696,0.307513258947213,"Thyroid Carcinoma","Blood Derived Normal"
"119",0.141742522756827,0.130434782608696,0.307130687004132,"Thyroid Carcinoma","Blood Derived Normal"
"120",0.143042912873862,0.130434782608696,0.30575833499935,"Thyroid Carcinoma","Blood Derived Normal"
"121",0.144343302990897,0.130434782608696,0.304995456415746,"Thyroid Carcinoma","Blood Derived Normal"
"122",0.145643693107932,0.130434782608696,0.304755975774436,"Thyroid Carcinoma","Blood Derived Normal"
"123",0.146944083224967,0.130434782608696,0.303590297826006,"Thyroid Carcinoma","Blood Derived Normal"
"124",0.148244473342003,0.130434782608696,0.302606542162602,"Thyroid Carcinoma","Blood Derived Normal"
"125",0.149544863459038,0.130434782608696,0.301961001943772,"Thyroid Carcinoma","Blood Derived Normal"
"126",0.150845253576073,0.130434782608696,0.30115120713267,"Thyroid Carcinoma","Blood Derived Normal"
"127",0.152145643693108,0.130434782608696,0.300180478509028,"Thyroid Carcinoma","Blood Derived Normal"
"128",0.152145643693108,0.144927536231884,0.297095686218753,"Thyroid Carcinoma","Blood Derived Normal"
"129",0.153446033810143,0.144927536231884,0.29610808343909,"Thyroid Carcinoma","Blood Derived Normal"
"130",0.154746423927178,0.144927536231884,0.29437733068046,"Thyroid Carcinoma","Blood Derived Normal"
"131",0.156046814044213,0.144927536231884,0.292829481866465,"Thyroid Carcinoma","Blood Derived Normal"
"132",0.157347204161248,0.144927536231884,0.292591649080875,"Thyroid Carcinoma","Blood Derived Normal"
"133",0.158647594278283,0.144927536231884,0.292127405844869,"Thyroid Carcinoma","Blood Derived Normal"
"134",0.159947984395319,0.144927536231884,0.290517351848756,"Thyroid Carcinoma","Blood Derived Normal"
"135",0.161248374512354,0.144927536231884,0.286430661795071,"Thyroid Carcinoma","Blood Derived Normal"
"136",0.162548764629389,0.144927536231884,0.280469534875296,"Thyroid Carcinoma","Blood Derived Normal"
"137",0.163849154746424,0.144927536231884,0.279603136161918,"Thyroid Carcinoma","Blood Derived Normal"
"138",0.165149544863459,0.144927536231884,0.278927771046324,"Thyroid Carcinoma","Blood Derived Normal"
"139",0.166449934980494,0.144927536231884,0.278209784700265,"Thyroid Carcinoma","Blood Derived Normal"
"140",0.167750325097529,0.144927536231884,0.276891820566672,"Thyroid Carcinoma","Blood Derived Normal"
"141",0.169050715214564,0.144927536231884,0.276520752315161,"Thyroid Carcinoma","Blood Derived Normal"
"142",0.170351105331599,0.144927536231884,0.276230621640395,"Thyroid Carcinoma","Blood Derived Normal"
"143",0.171651495448635,0.144927536231884,0.275292427196325,"Thyroid Carcinoma","Blood Derived Normal"
"144",0.171651495448635,0.159420289855072,0.273714610993658,"Thyroid Carcinoma","Blood Derived Normal"
"145",0.171651495448635,0.173913043478261,0.272403275800128,"Thyroid Carcinoma","Blood Derived Normal"
"146",0.17295188556567,0.173913043478261,0.270666369525214,"Thyroid Carcinoma","Blood Derived Normal"
"147",0.174252275682705,0.173913043478261,0.270587337628185,"Thyroid Carcinoma","Blood Derived Normal"
"148",0.17555266579974,0.173913043478261,0.269173754638257,"Thyroid Carcinoma","Blood Derived Normal"
"149",0.17555266579974,0.188405797101449,0.268442115111979,"Thyroid Carcinoma","Blood Derived Normal"
"150",0.176853055916775,0.188405797101449,0.26772432476396,"Thyroid Carcinoma","Blood Derived Normal"
"151",0.17815344603381,0.188405797101449,0.263802784574736,"Thyroid Carcinoma","Blood Derived Normal"
"152",0.179453836150845,0.188405797101449,0.262859921853466,"Thyroid Carcinoma","Blood Derived Normal"
"153",0.18075422626788,0.188405797101449,0.261870129672365,"Thyroid Carcinoma","Blood Derived Normal"
"154",0.182054616384915,0.188405797101449,0.260933076766639,"Thyroid Carcinoma","Blood Derived Normal"
"155",0.183355006501951,0.188405797101449,0.259643155028849,"Thyroid Carcinoma","Blood Derived Normal"
"156",0.184655396618986,0.188405797101449,0.259073719496296,"Thyroid Carcinoma","Blood Derived Normal"
"157",0.185955786736021,0.188405797101449,0.257502408566309,"Thyroid Carcinoma","Blood Derived Normal"
"158",0.187256176853056,0.188405797101449,0.256457786179308,"Thyroid Carcinoma","Blood Derived Normal"
"159",0.188556566970091,0.188405797101449,0.255057799016548,"Thyroid Carcinoma","Blood Derived Normal"
"160",0.189856957087126,0.188405797101449,0.251841862063595,"Thyroid Carcinoma","Blood Derived Normal"
"161",0.191157347204161,0.188405797101449,0.249115048507111,"Thyroid Carcinoma","Blood Derived Normal"
"162",0.192457737321196,0.188405797101449,0.2475187035704,"Thyroid Carcinoma","Blood Derived Normal"
"163",0.193758127438231,0.188405797101449,0.246688604057257,"Thyroid Carcinoma","Blood Derived Normal"
"164",0.195058517555267,0.188405797101449,0.245404936425821,"Thyroid Carcinoma","Blood Derived Normal"
"165",0.196358907672302,0.188405797101449,0.245229286604352,"Thyroid Carcinoma","Blood Derived Normal"
"166",0.197659297789337,0.188405797101449,0.244991631530641,"Thyroid Carcinoma","Blood Derived Normal"
"167",0.198959687906372,0.188405797101449,0.244945336734834,"Thyroid Carcinoma","Blood Derived Normal"
"168",0.200260078023407,0.188405797101449,0.24364865426959,"Thyroid Carcinoma","Blood Derived Normal"
"169",0.201560468140442,0.188405797101449,0.243144964123186,"Thyroid Carcinoma","Blood Derived Normal"
"170",0.202860858257477,0.188405797101449,0.242081170377503,"Thyroid Carcinoma","Blood Derived Normal"
"171",0.204161248374512,0.188405797101449,0.241094146064341,"Thyroid Carcinoma","Blood Derived Normal"
"172",0.205461638491547,0.188405797101449,0.240238196467942,"Thyroid Carcinoma","Blood Derived Normal"
"173",0.206762028608583,0.188405797101449,0.240058341911858,"Thyroid Carcinoma","Blood Derived Normal"
"174",0.208062418725618,0.188405797101449,0.239940349740524,"Thyroid Carcinoma","Blood Derived Normal"
"175",0.209362808842653,0.188405797101449,0.238234876197987,"Thyroid Carcinoma","Blood Derived Normal"
"176",0.210663198959688,0.188405797101449,0.237049144410805,"Thyroid Carcinoma","Blood Derived Normal"
"177",0.210663198959688,0.202898550724638,0.236505836391118,"Thyroid Carcinoma","Blood Derived Normal"
"178",0.211963589076723,0.202898550724638,0.236168659452185,"Thyroid Carcinoma","Blood Derived Normal"
"179",0.213263979193758,0.202898550724638,0.2350473592571,"Thyroid Carcinoma","Blood Derived Normal"
"180",0.214564369310793,0.202898550724638,0.234921996394287,"Thyroid Carcinoma","Blood Derived Normal"
"181",0.215864759427828,0.202898550724638,0.234652338695846,"Thyroid Carcinoma","Blood Derived Normal"
"182",0.217165149544863,0.202898550724638,0.234582623490132,"Thyroid Carcinoma","Blood Derived Normal"
"183",0.218465539661899,0.202898550724638,0.234463857961857,"Thyroid Carcinoma","Blood Derived Normal"
"184",0.218465539661899,0.217391304347826,0.234452896292858,"Thyroid Carcinoma","Blood Derived Normal"
"185",0.219765929778934,0.217391304347826,0.233635810051531,"Thyroid Carcinoma","Blood Derived Normal"
"186",0.221066319895969,0.217391304347826,0.232287510010153,"Thyroid Carcinoma","Blood Derived Normal"
"187",0.222366710013004,0.217391304347826,0.231676812397474,"Thyroid Carcinoma","Blood Derived Normal"
"188",0.223667100130039,0.217391304347826,0.230865282767815,"Thyroid Carcinoma","Blood Derived Normal"
"189",0.224967490247074,0.217391304347826,0.230631746654646,"Thyroid Carcinoma","Blood Derived Normal"
"190",0.226267880364109,0.217391304347826,0.229648112047402,"Thyroid Carcinoma","Blood Derived Normal"
"191",0.227568270481144,0.217391304347826,0.228058283297071,"Thyroid Carcinoma","Blood Derived Normal"
"192",0.228868660598179,0.217391304347826,0.227448087649079,"Thyroid Carcinoma","Blood Derived Normal"
"193",0.230169050715215,0.217391304347826,0.226921704676808,"Thyroid Carcinoma","Blood Derived Normal"
"194",0.23146944083225,0.217391304347826,0.22579887833391,"Thyroid Carcinoma","Blood Derived Normal"
"195",0.232769830949285,0.217391304347826,0.225376191370651,"Thyroid Carcinoma","Blood Derived Normal"
"196",0.23407022106632,0.217391304347826,0.222928441655507,"Thyroid Carcinoma","Blood Derived Normal"
"197",0.235370611183355,0.217391304347826,0.222612115109876,"Thyroid Carcinoma","Blood Derived Normal"
"198",0.23667100130039,0.217391304347826,0.22245971712812,"Thyroid Carcinoma","Blood Derived Normal"
"199",0.237971391417425,0.217391304347826,0.221204212021497,"Thyroid Carcinoma","Blood Derived Normal"
"200",0.23927178153446,0.217391304347826,0.220336717587696,"Thyroid Carcinoma","Blood Derived Normal"
"201",0.240572171651495,0.217391304347826,0.218369421954382,"Thyroid Carcinoma","Blood Derived Normal"
"202",0.241872561768531,0.217391304347826,0.217402149287798,"Thyroid Carcinoma","Blood Derived Normal"
"203",0.243172951885566,0.217391304347826,0.216671784045037,"Thyroid Carcinoma","Blood Derived Normal"
"204",0.244473342002601,0.217391304347826,0.215875209625257,"Thyroid Carcinoma","Blood Derived Normal"
"205",0.245773732119636,0.217391304347826,0.215492261376549,"Thyroid Carcinoma","Blood Derived Normal"
"206",0.247074122236671,0.217391304347826,0.215223387969381,"Thyroid Carcinoma","Blood Derived Normal"
"207",0.247074122236671,0.231884057971014,0.214721852012472,"Thyroid Carcinoma","Blood Derived Normal"
"208",0.248374512353706,0.231884057971014,0.212788750285287,"Thyroid Carcinoma","Blood Derived Normal"
"209",0.249674902470741,0.231884057971014,0.210103638469474,"Thyroid Carcinoma","Blood Derived Normal"
"210",0.250975292587776,0.231884057971014,0.210017069453853,"Thyroid Carcinoma","Blood Derived Normal"
"211",0.252275682704811,0.231884057971014,0.209856005564113,"Thyroid Carcinoma","Blood Derived Normal"
"212",0.253576072821847,0.231884057971014,0.209822932081703,"Thyroid Carcinoma","Blood Derived Normal"
"213",0.254876462938882,0.231884057971014,0.209524941235288,"Thyroid Carcinoma","Blood Derived Normal"
"214",0.256176853055917,0.231884057971014,0.209394898053423,"Thyroid Carcinoma","Blood Derived Normal"
"215",0.257477243172952,0.231884057971014,0.208569779740265,"Thyroid Carcinoma","Blood Derived Normal"
"216",0.258777633289987,0.231884057971014,0.206875656029158,"Thyroid Carcinoma","Blood Derived Normal"
"217",0.260078023407022,0.231884057971014,0.206847617124529,"Thyroid Carcinoma","Blood Derived Normal"
"218",0.261378413524057,0.231884057971014,0.20660404008472,"Thyroid Carcinoma","Blood Derived Normal"
"219",0.262678803641092,0.231884057971014,0.206068952976098,"Thyroid Carcinoma","Blood Derived Normal"
"220",0.263979193758127,0.231884057971014,0.205844246139898,"Thyroid Carcinoma","Blood Derived Normal"
"221",0.265279583875163,0.231884057971014,0.20562045077292,"Thyroid Carcinoma","Blood Derived Normal"
"222",0.266579973992198,0.231884057971014,0.20377506888665,"Thyroid Carcinoma","Blood Derived Normal"
"223",0.267880364109233,0.231884057971014,0.202802833438631,"Thyroid Carcinoma","Blood Derived Normal"
"224",0.269180754226268,0.231884057971014,0.20135746249193,"Thyroid Carcinoma","Blood Derived Normal"
"225",0.271781534460338,0.231884057971014,0.197021077731526,"Thyroid Carcinoma","Blood Derived Normal"
"226",0.273081924577373,0.231884057971014,0.195138931955045,"Thyroid Carcinoma","Blood Derived Normal"
"227",0.274382314694408,0.231884057971014,0.195083935935988,"Thyroid Carcinoma","Blood Derived Normal"
"228",0.275682704811443,0.231884057971014,0.194968658102811,"Thyroid Carcinoma","Blood Derived Normal"
"229",0.276983094928479,0.231884057971014,0.194731696465258,"Thyroid Carcinoma","Blood Derived Normal"
"230",0.278283485045514,0.231884057971014,0.194449187612645,"Thyroid Carcinoma","Blood Derived Normal"
"231",0.279583875162549,0.231884057971014,0.194253953814249,"Thyroid Carcinoma","Blood Derived Normal"
"232",0.279583875162549,0.246376811594203,0.191903360384148,"Thyroid Carcinoma","Blood Derived Normal"
"233",0.280884265279584,0.246376811594203,0.189859562546694,"Thyroid Carcinoma","Blood Derived Normal"
"234",0.280884265279584,0.260869565217391,0.189517511046439,"Thyroid Carcinoma","Blood Derived Normal"
"235",0.282184655396619,0.260869565217391,0.189394993762797,"Thyroid Carcinoma","Blood Derived Normal"
"236",0.282184655396619,0.27536231884058,0.189219536062445,"Thyroid Carcinoma","Blood Derived Normal"
"237",0.283485045513654,0.27536231884058,0.188641274652487,"Thyroid Carcinoma","Blood Derived Normal"
"238",0.284785435630689,0.27536231884058,0.187662720665001,"Thyroid Carcinoma","Blood Derived Normal"
"239",0.286085825747724,0.27536231884058,0.187597457397028,"Thyroid Carcinoma","Blood Derived Normal"
"240",0.287386215864759,0.27536231884058,0.186847032302266,"Thyroid Carcinoma","Blood Derived Normal"
"241",0.287386215864759,0.289855072463768,0.186557717807309,"Thyroid Carcinoma","Blood Derived Normal"
"242",0.288686605981795,0.289855072463768,0.186526728898688,"Thyroid Carcinoma","Blood Derived Normal"
"243",0.28998699609883,0.289855072463768,0.186236525630995,"Thyroid Carcinoma","Blood Derived Normal"
"244",0.291287386215865,0.289855072463768,0.184605377064071,"Thyroid Carcinoma","Blood Derived Normal"
"245",0.2925877763329,0.289855072463768,0.183013297679628,"Thyroid Carcinoma","Blood Derived Normal"
"246",0.293888166449935,0.289855072463768,0.182857345249047,"Thyroid Carcinoma","Blood Derived Normal"
"247",0.29518855656697,0.289855072463768,0.182293673845056,"Thyroid Carcinoma","Blood Derived Normal"
"248",0.296488946684005,0.289855072463768,0.182032908092446,"Thyroid Carcinoma","Blood Derived Normal"
"249",0.296488946684005,0.304347826086957,0.181435402647871,"Thyroid Carcinoma","Blood Derived Normal"
"250",0.29778933680104,0.304347826086957,0.181131207145028,"Thyroid Carcinoma","Blood Derived Normal"
"251",0.299089726918075,0.304347826086957,0.181125116045973,"Thyroid Carcinoma","Blood Derived Normal"
"252",0.300390117035111,0.304347826086957,0.179076204399569,"Thyroid Carcinoma","Blood Derived Normal"
"253",0.301690507152146,0.304347826086957,0.178510552178196,"Thyroid Carcinoma","Blood Derived Normal"
"254",0.302990897269181,0.304347826086957,0.176823538434161,"Thyroid Carcinoma","Blood Derived Normal"
"255",0.304291287386216,0.304347826086957,0.175974015109113,"Thyroid Carcinoma","Blood Derived Normal"
"256",0.305591677503251,0.304347826086957,0.17398536727217,"Thyroid Carcinoma","Blood Derived Normal"
"257",0.306892067620286,0.304347826086957,0.173844856476196,"Thyroid Carcinoma","Blood Derived Normal"
"258",0.308192457737321,0.304347826086957,0.170698596089278,"Thyroid Carcinoma","Blood Derived Normal"
"259",0.309492847854356,0.304347826086957,0.170421264783406,"Thyroid Carcinoma","Blood Derived Normal"
"260",0.309492847854356,0.318840579710145,0.170378360296229,"Thyroid Carcinoma","Blood Derived Normal"
"261",0.310793237971391,0.318840579710145,0.169467846530233,"Thyroid Carcinoma","Blood Derived Normal"
"262",0.312093628088427,0.318840579710145,0.168925060768212,"Thyroid Carcinoma","Blood Derived Normal"
"263",0.313394018205462,0.318840579710145,0.168826064061437,"Thyroid Carcinoma","Blood Derived Normal"
"264",0.314694408322497,0.318840579710145,0.168406726672082,"Thyroid Carcinoma","Blood Derived Normal"
"265",0.315994798439532,0.318840579710145,0.167586689114838,"Thyroid Carcinoma","Blood Derived Normal"
"266",0.317295188556567,0.318840579710145,0.167484341353261,"Thyroid Carcinoma","Blood Derived Normal"
"267",0.318595578673602,0.318840579710145,0.166809312963259,"Thyroid Carcinoma","Blood Derived Normal"
"268",0.319895968790637,0.318840579710145,0.166560144600076,"Thyroid Carcinoma","Blood Derived Normal"
"269",0.321196358907672,0.318840579710145,0.166435708695117,"Thyroid Carcinoma","Blood Derived Normal"
"270",0.322496749024707,0.318840579710145,0.166248647422492,"Thyroid Carcinoma","Blood Derived Normal"
"271",0.322496749024707,0.333333333333333,0.166063989453515,"Thyroid Carcinoma","Blood Derived Normal"
"272",0.322496749024707,0.347826086956522,0.165908670688628,"Thyroid Carcinoma","Blood Derived Normal"
"273",0.323797139141743,0.347826086956522,0.165799933426771,"Thyroid Carcinoma","Blood Derived Normal"
"274",0.325097529258778,0.347826086956522,0.165652160955114,"Thyroid Carcinoma","Blood Derived Normal"
"275",0.326397919375813,0.347826086956522,0.165391265795071,"Thyroid Carcinoma","Blood Derived Normal"
"276",0.327698309492848,0.347826086956522,0.164086384008845,"Thyroid Carcinoma","Blood Derived Normal"
"277",0.328998699609883,0.347826086956522,0.163856728455387,"Thyroid Carcinoma","Blood Derived Normal"
"278",0.328998699609883,0.36231884057971,0.163787769769322,"Thyroid Carcinoma","Blood Derived Normal"
"279",0.330299089726918,0.36231884057971,0.163362849355157,"Thyroid Carcinoma","Blood Derived Normal"
"280",0.331599479843953,0.36231884057971,0.163328440864282,"Thyroid Carcinoma","Blood Derived Normal"
"281",0.332899869960988,0.36231884057971,0.162943739085315,"Thyroid Carcinoma","Blood Derived Normal"
"282",0.334200260078023,0.36231884057971,0.160982983161874,"Thyroid Carcinoma","Blood Derived Normal"
"283",0.335500650195059,0.36231884057971,0.160958722132126,"Thyroid Carcinoma","Blood Derived Normal"
"284",0.336801040312094,0.36231884057971,0.160751353707453,"Thyroid Carcinoma","Blood Derived Normal"
"285",0.338101430429129,0.36231884057971,0.160638015430311,"Thyroid Carcinoma","Blood Derived Normal"
"286",0.339401820546164,0.36231884057971,0.160258444081764,"Thyroid Carcinoma","Blood Derived Normal"
"287",0.340702210663199,0.36231884057971,0.159228579018511,"Thyroid Carcinoma","Blood Derived Normal"
"288",0.342002600780234,0.36231884057971,0.159209279532213,"Thyroid Carcinoma","Blood Derived Normal"
"289",0.343302990897269,0.36231884057971,0.158923558940166,"Thyroid Carcinoma","Blood Derived Normal"
"290",0.344603381014304,0.36231884057971,0.158776958884191,"Thyroid Carcinoma","Blood Derived Normal"
"291",0.345903771131339,0.36231884057971,0.158582611734679,"Thyroid Carcinoma","Blood Derived Normal"
"292",0.347204161248374,0.36231884057971,0.157606207047613,"Thyroid Carcinoma","Blood Derived Normal"
"293",0.34850455136541,0.36231884057971,0.156564765821176,"Thyroid Carcinoma","Blood Derived Normal"
"294",0.349804941482445,0.36231884057971,0.155029622104112,"Thyroid Carcinoma","Blood Derived Normal"
"295",0.35110533159948,0.36231884057971,0.15476534011667,"Thyroid Carcinoma","Blood Derived Normal"
"296",0.352405721716515,0.36231884057971,0.154762571684273,"Thyroid Carcinoma","Blood Derived Normal"
"297",0.35370611183355,0.36231884057971,0.153261354019444,"Thyroid Carcinoma","Blood Derived Normal"
"298",0.355006501950585,0.36231884057971,0.15267405161068,"Thyroid Carcinoma","Blood Derived Normal"
"299",0.35630689206762,0.36231884057971,0.152581125070341,"Thyroid Carcinoma","Blood Derived Normal"
"300",0.357607282184655,0.36231884057971,0.152308881307101,"Thyroid Carcinoma","Blood Derived Normal"
"301",0.358907672301691,0.36231884057971,0.151296680300637,"Thyroid Carcinoma","Blood Derived Normal"
"302",0.360208062418726,0.36231884057971,0.150716103586366,"Thyroid Carcinoma","Blood Derived Normal"
"303",0.361508452535761,0.36231884057971,0.14958232523822,"Thyroid Carcinoma","Blood Derived Normal"
"304",0.362808842652796,0.36231884057971,0.149432730095487,"Thyroid Carcinoma","Blood Derived Normal"
"305",0.364109232769831,0.36231884057971,0.149275640485703,"Thyroid Carcinoma","Blood Derived Normal"
"306",0.364109232769831,0.376811594202899,0.149130193924279,"Thyroid Carcinoma","Blood Derived Normal"
"307",0.365409622886866,0.376811594202899,0.148935845932218,"Thyroid Carcinoma","Blood Derived Normal"
"308",0.366710013003901,0.376811594202899,0.148414480944368,"Thyroid Carcinoma","Blood Derived Normal"
"309",0.368010403120936,0.376811594202899,0.147572908142624,"Thyroid Carcinoma","Blood Derived Normal"
"310",0.369310793237971,0.376811594202899,0.14740681415731,"Thyroid Carcinoma","Blood Derived Normal"
"311",0.370611183355006,0.376811594202899,0.147156940734892,"Thyroid Carcinoma","Blood Derived Normal"
"312",0.371911573472042,0.376811594202899,0.146787711712138,"Thyroid Carcinoma","Blood Derived Normal"
"313",0.373211963589077,0.376811594202899,0.14619191666165,"Thyroid Carcinoma","Blood Derived Normal"
"314",0.374512353706112,0.376811594202899,0.146046327020575,"Thyroid Carcinoma","Blood Derived Normal"
"315",0.374512353706112,0.391304347826087,0.146025959949071,"Thyroid Carcinoma","Blood Derived Normal"
"316",0.375812743823147,0.391304347826087,0.145563200445126,"Thyroid Carcinoma","Blood Derived Normal"
"317",0.377113133940182,0.391304347826087,0.145372489790434,"Thyroid Carcinoma","Blood Derived Normal"
"318",0.378413524057217,0.391304347826087,0.144887802193025,"Thyroid Carcinoma","Blood Derived Normal"
"319",0.379713914174252,0.391304347826087,0.143808350644371,"Thyroid Carcinoma","Blood Derived Normal"
"320",0.381014304291287,0.391304347826087,0.143728596508416,"Thyroid Carcinoma","Blood Derived Normal"
"321",0.381014304291287,0.405797101449275,0.143444741917757,"Thyroid Carcinoma","Blood Derived Normal"
"322",0.382314694408322,0.405797101449275,0.142508273066108,"Thyroid Carcinoma","Blood Derived Normal"
"323",0.383615084525358,0.405797101449275,0.141746636614076,"Thyroid Carcinoma","Blood Derived Normal"
"324",0.384915474642393,0.405797101449275,0.140901236009794,"Thyroid Carcinoma","Blood Derived Normal"
"325",0.386215864759428,0.405797101449275,0.140354264350492,"Thyroid Carcinoma","Blood Derived Normal"
"326",0.386215864759428,0.420289855072464,0.140052216485363,"Thyroid Carcinoma","Blood Derived Normal"
"327",0.387516254876463,0.420289855072464,0.139937602895441,"Thyroid Carcinoma","Blood Derived Normal"
"328",0.388816644993498,0.420289855072464,0.139849975344208,"Thyroid Carcinoma","Blood Derived Normal"
"329",0.388816644993498,0.434782608695652,0.139514330032641,"Thyroid Carcinoma","Blood Derived Normal"
"330",0.390117035110533,0.434782608695652,0.139287218769026,"Thyroid Carcinoma","Blood Derived Normal"
"331",0.391417425227568,0.434782608695652,0.138575388525478,"Thyroid Carcinoma","Blood Derived Normal"
"332",0.392717815344603,0.434782608695652,0.138277135869419,"Thyroid Carcinoma","Blood Derived Normal"
"333",0.394018205461639,0.434782608695652,0.137906458663292,"Thyroid Carcinoma","Blood Derived Normal"
"334",0.395318595578674,0.434782608695652,0.137815671443959,"Thyroid Carcinoma","Blood Derived Normal"
"335",0.395318595578674,0.449275362318841,0.137139000748767,"Thyroid Carcinoma","Blood Derived Normal"
"336",0.396618985695709,0.449275362318841,0.13644580065953,"Thyroid Carcinoma","Blood Derived Normal"
"337",0.397919375812744,0.449275362318841,0.136278962854357,"Thyroid Carcinoma","Blood Derived Normal"
"338",0.399219765929779,0.449275362318841,0.13545690670493,"Thyroid Carcinoma","Blood Derived Normal"
"339",0.400520156046814,0.449275362318841,0.13525709667657,"Thyroid Carcinoma","Blood Derived Normal"
"340",0.401820546163849,0.449275362318841,0.135171569315576,"Thyroid Carcinoma","Blood Derived Normal"
"341",0.403120936280884,0.449275362318841,0.133529572305912,"Thyroid Carcinoma","Blood Derived Normal"
"342",0.404421326397919,0.449275362318841,0.13321448257351,"Thyroid Carcinoma","Blood Derived Normal"
"343",0.404421326397919,0.463768115942029,0.132640268741911,"Thyroid Carcinoma","Blood Derived Normal"
"344",0.405721716514954,0.463768115942029,0.132521584754942,"Thyroid Carcinoma","Blood Derived Normal"
"345",0.40702210663199,0.463768115942029,0.132496916701702,"Thyroid Carcinoma","Blood Derived Normal"
"346",0.408322496749025,0.463768115942029,0.132412041860777,"Thyroid Carcinoma","Blood Derived Normal"
"347",0.40962288686606,0.463768115942029,0.132271387828522,"Thyroid Carcinoma","Blood Derived Normal"
"348",0.410923276983095,0.463768115942029,0.131931311288693,"Thyroid Carcinoma","Blood Derived Normal"
"349",0.41222366710013,0.463768115942029,0.131482804739754,"Thyroid Carcinoma","Blood Derived Normal"
"350",0.413524057217165,0.463768115942029,0.130440527050138,"Thyroid Carcinoma","Blood Derived Normal"
"351",0.4148244473342,0.463768115942029,0.130418763319339,"Thyroid Carcinoma","Blood Derived Normal"
"352",0.416124837451235,0.463768115942029,0.129883407567313,"Thyroid Carcinoma","Blood Derived Normal"
"353",0.41742522756827,0.463768115942029,0.128070033414251,"Thyroid Carcinoma","Blood Derived Normal"
"354",0.418725617685306,0.463768115942029,0.127830240680858,"Thyroid Carcinoma","Blood Derived Normal"
"355",0.420026007802341,0.463768115942029,0.127301516948571,"Thyroid Carcinoma","Blood Derived Normal"
"356",0.421326397919376,0.463768115942029,0.127090107505649,"Thyroid Carcinoma","Blood Derived Normal"
"357",0.422626788036411,0.463768115942029,0.127077377553246,"Thyroid Carcinoma","Blood Derived Normal"
"358",0.423927178153446,0.463768115942029,0.12682827126221,"Thyroid Carcinoma","Blood Derived Normal"
"359",0.425227568270481,0.463768115942029,0.126108372362674,"Thyroid Carcinoma","Blood Derived Normal"
"360",0.426527958387516,0.463768115942029,0.126106062234404,"Thyroid Carcinoma","Blood Derived Normal"
"361",0.427828348504551,0.463768115942029,0.125906546426748,"Thyroid Carcinoma","Blood Derived Normal"
"362",0.429128738621586,0.463768115942029,0.125598060707575,"Thyroid Carcinoma","Blood Derived Normal"
"363",0.430429128738622,0.463768115942029,0.12515557474192,"Thyroid Carcinoma","Blood Derived Normal"
"364",0.431729518855657,0.463768115942029,0.124751697547261,"Thyroid Carcinoma","Blood Derived Normal"
"365",0.433029908972692,0.463768115942029,0.124221510494639,"Thyroid Carcinoma","Blood Derived Normal"
"366",0.434330299089727,0.463768115942029,0.123939218663588,"Thyroid Carcinoma","Blood Derived Normal"
"367",0.435630689206762,0.463768115942029,0.122442705738645,"Thyroid Carcinoma","Blood Derived Normal"
"368",0.436931079323797,0.463768115942029,0.122305020280689,"Thyroid Carcinoma","Blood Derived Normal"
"369",0.438231469440832,0.463768115942029,0.122264505043578,"Thyroid Carcinoma","Blood Derived Normal"
"370",0.439531859557867,0.463768115942029,0.120653783242782,"Thyroid Carcinoma","Blood Derived Normal"
"371",0.439531859557867,0.478260869565217,0.120586967002966,"Thyroid Carcinoma","Blood Derived Normal"
"372",0.440832249674902,0.478260869565217,0.120160088931069,"Thyroid Carcinoma","Blood Derived Normal"
"373",0.442132639791938,0.478260869565217,0.119758525883111,"Thyroid Carcinoma","Blood Derived Normal"
"374",0.443433029908973,0.478260869565217,0.119704834746675,"Thyroid Carcinoma","Blood Derived Normal"
"375",0.444733420026008,0.478260869565217,0.119648079387574,"Thyroid Carcinoma","Blood Derived Normal"
"376",0.446033810143043,0.478260869565217,0.119586618278696,"Thyroid Carcinoma","Blood Derived Normal"
"377",0.447334200260078,0.478260869565217,0.119131989572029,"Thyroid Carcinoma","Blood Derived Normal"
"378",0.448634590377113,0.478260869565217,0.118781950986141,"Thyroid Carcinoma","Blood Derived Normal"
"379",0.449934980494148,0.478260869565217,0.118627654575838,"Thyroid Carcinoma","Blood Derived Normal"
"380",0.451235370611183,0.478260869565217,0.118568164735855,"Thyroid Carcinoma","Blood Derived Normal"
"381",0.452535760728218,0.478260869565217,0.118492344245272,"Thyroid Carcinoma","Blood Derived Normal"
"382",0.453836150845254,0.478260869565217,0.118349490725791,"Thyroid Carcinoma","Blood Derived Normal"
"383",0.455136540962289,0.478260869565217,0.11826134320337,"Thyroid Carcinoma","Blood Derived Normal"
"384",0.456436931079324,0.478260869565217,0.118072260281929,"Thyroid Carcinoma","Blood Derived Normal"
"385",0.457737321196359,0.478260869565217,0.117898762760911,"Thyroid Carcinoma","Blood Derived Normal"
"386",0.457737321196359,0.492753623188406,0.117853272733077,"Thyroid Carcinoma","Blood Derived Normal"
"387",0.459037711313394,0.492753623188406,0.117601123574835,"Thyroid Carcinoma","Blood Derived Normal"
"388",0.460338101430429,0.492753623188406,0.117158858509744,"Thyroid Carcinoma","Blood Derived Normal"
"389",0.461638491547464,0.492753623188406,0.117100820094047,"Thyroid Carcinoma","Blood Derived Normal"
"390",0.462938881664499,0.492753623188406,0.117039609115795,"Thyroid Carcinoma","Blood Derived Normal"
"391",0.464239271781534,0.492753623188406,0.116423689238236,"Thyroid Carcinoma","Blood Derived Normal"
"392",0.464239271781534,0.507246376811594,0.116331855976093,"Thyroid Carcinoma","Blood Derived Normal"
"393",0.46553966189857,0.507246376811594,0.115361355082239,"Thyroid Carcinoma","Blood Derived Normal"
"394",0.466840052015605,0.507246376811594,0.115177083788513,"Thyroid Carcinoma","Blood Derived Normal"
"395",0.466840052015605,0.521739130434783,0.114911158620504,"Thyroid Carcinoma","Blood Derived Normal"
"396",0.46814044213264,0.521739130434783,0.114790750605889,"Thyroid Carcinoma","Blood Derived Normal"
"397",0.469440832249675,0.521739130434783,0.114682652459361,"Thyroid Carcinoma","Blood Derived Normal"
"398",0.47074122236671,0.521739130434783,0.113016039974308,"Thyroid Carcinoma","Blood Derived Normal"
"399",0.472041612483745,0.521739130434783,0.112883764261538,"Thyroid Carcinoma","Blood Derived Normal"
"400",0.47334200260078,0.521739130434783,0.112527902036329,"Thyroid Carcinoma","Blood Derived Normal"
"401",0.474642392717815,0.521739130434783,0.112286832921652,"Thyroid Carcinoma","Blood Derived Normal"
"402",0.47594278283485,0.521739130434783,0.111588761264339,"Thyroid Carcinoma","Blood Derived Normal"
"403",0.477243172951886,0.521739130434783,0.111508763203577,"Thyroid Carcinoma","Blood Derived Normal"
"404",0.478543563068921,0.521739130434783,0.11108547267545,"Thyroid Carcinoma","Blood Derived Normal"
"405",0.479843953185956,0.521739130434783,0.110783274199393,"Thyroid Carcinoma","Blood Derived Normal"
"406",0.481144343302991,0.521739130434783,0.10989247976706,"Thyroid Carcinoma","Blood Derived Normal"
"407",0.482444733420026,0.521739130434783,0.109662380726823,"Thyroid Carcinoma","Blood Derived Normal"
"408",0.483745123537061,0.521739130434783,0.109003864577534,"Thyroid Carcinoma","Blood Derived Normal"
"409",0.485045513654096,0.521739130434783,0.108429325290653,"Thyroid Carcinoma","Blood Derived Normal"
"410",0.485045513654096,0.536231884057971,0.107476012278391,"Thyroid Carcinoma","Blood Derived Normal"
"411",0.486345903771131,0.536231884057971,0.106504256782292,"Thyroid Carcinoma","Blood Derived Normal"
"412",0.487646293888166,0.536231884057971,0.105991484102425,"Thyroid Carcinoma","Blood Derived Normal"
"413",0.488946684005202,0.536231884057971,0.105308099370237,"Thyroid Carcinoma","Blood Derived Normal"
"414",0.490247074122237,0.536231884057971,0.105093667179683,"Thyroid Carcinoma","Blood Derived Normal"
"415",0.491547464239272,0.536231884057971,0.105029192307638,"Thyroid Carcinoma","Blood Derived Normal"
"416",0.492847854356307,0.536231884057971,0.104176192765544,"Thyroid Carcinoma","Blood Derived Normal"
"417",0.494148244473342,0.536231884057971,0.104007694545779,"Thyroid Carcinoma","Blood Derived Normal"
"418",0.495448634590377,0.536231884057971,0.10395428213677,"Thyroid Carcinoma","Blood Derived Normal"
"419",0.496749024707412,0.536231884057971,0.103747209055034,"Thyroid Carcinoma","Blood Derived Normal"
"420",0.498049414824447,0.536231884057971,0.103662286253798,"Thyroid Carcinoma","Blood Derived Normal"
"421",0.499349804941482,0.536231884057971,0.103590453962047,"Thyroid Carcinoma","Blood Derived Normal"
"422",0.500650195058518,0.536231884057971,0.103534642301273,"Thyroid Carcinoma","Blood Derived Normal"
"423",0.501950585175553,0.536231884057971,0.103424636424903,"Thyroid Carcinoma","Blood Derived Normal"
"424",0.503250975292588,0.536231884057971,0.103261561542477,"Thyroid Carcinoma","Blood Derived Normal"
"425",0.504551365409623,0.536231884057971,0.103208358940554,"Thyroid Carcinoma","Blood Derived Normal"
"426",0.505851755526658,0.536231884057971,0.102966967092112,"Thyroid Carcinoma","Blood Derived Normal"
"427",0.507152145643693,0.536231884057971,0.102778394421423,"Thyroid Carcinoma","Blood Derived Normal"
"428",0.508452535760728,0.536231884057971,0.102737650186655,"Thyroid Carcinoma","Blood Derived Normal"
"429",0.509752925877763,0.536231884057971,0.102617973656742,"Thyroid Carcinoma","Blood Derived Normal"
"430",0.511053315994798,0.536231884057971,0.102481619563533,"Thyroid Carcinoma","Blood Derived Normal"
"431",0.512353706111834,0.536231884057971,0.102022799313556,"Thyroid Carcinoma","Blood Derived Normal"
"432",0.512353706111834,0.550724637681159,0.101849401090612,"Thyroid Carcinoma","Blood Derived Normal"
"433",0.513654096228869,0.550724637681159,0.101840481086433,"Thyroid Carcinoma","Blood Derived Normal"
"434",0.514954486345904,0.550724637681159,0.101734900840933,"Thyroid Carcinoma","Blood Derived Normal"
"435",0.516254876462939,0.550724637681159,0.101555194740429,"Thyroid Carcinoma","Blood Derived Normal"
"436",0.516254876462939,0.565217391304348,0.100969831292812,"Thyroid Carcinoma","Blood Derived Normal"
"437",0.517555266579974,0.565217391304348,0.100921303806376,"Thyroid Carcinoma","Blood Derived Normal"
"438",0.518855656697009,0.565217391304348,0.100574909183627,"Thyroid Carcinoma","Blood Derived Normal"
"439",0.520156046814044,0.565217391304348,0.0997943385668286,"Thyroid Carcinoma","Blood Derived Normal"
"440",0.521456436931079,0.565217391304348,0.0993650220804444,"Thyroid Carcinoma","Blood Derived Normal"
"441",0.522756827048114,0.565217391304348,0.0990477710937419,"Thyroid Carcinoma","Blood Derived Normal"
"442",0.52405721716515,0.565217391304348,0.0985613934213205,"Thyroid Carcinoma","Blood Derived Normal"
"443",0.525357607282185,0.565217391304348,0.0982937874572047,"Thyroid Carcinoma","Blood Derived Normal"
"444",0.52665799739922,0.565217391304348,0.097643988875591,"Thyroid Carcinoma","Blood Derived Normal"
"445",0.527958387516255,0.565217391304348,0.0966066573702732,"Thyroid Carcinoma","Blood Derived Normal"
"446",0.52925877763329,0.565217391304348,0.096362724444823,"Thyroid Carcinoma","Blood Derived Normal"
"447",0.530559167750325,0.565217391304348,0.0960227924514617,"Thyroid Carcinoma","Blood Derived Normal"
"448",0.53185955786736,0.565217391304348,0.095142488217859,"Thyroid Carcinoma","Blood Derived Normal"
"449",0.533159947984395,0.565217391304348,0.0950235457469412,"Thyroid Carcinoma","Blood Derived Normal"
"450",0.53446033810143,0.565217391304348,0.0940588707961596,"Thyroid Carcinoma","Blood Derived Normal"
"451",0.535760728218466,0.565217391304348,0.0938952713241067,"Thyroid Carcinoma","Blood Derived Normal"
"452",0.537061118335501,0.565217391304348,0.0937994029275,"Thyroid Carcinoma","Blood Derived Normal"
"453",0.538361508452536,0.565217391304348,0.0935005881268236,"Thyroid Carcinoma","Blood Derived Normal"
"454",0.539661898569571,0.565217391304348,0.0931200482333783,"Thyroid Carcinoma","Blood Derived Normal"
"455",0.540962288686606,0.565217391304348,0.0929372031414804,"Thyroid Carcinoma","Blood Derived Normal"
"456",0.542262678803641,0.565217391304348,0.0926233031849231,"Thyroid Carcinoma","Blood Derived Normal"
"457",0.543563068920676,0.565217391304348,0.0921130889897889,"Thyroid Carcinoma","Blood Derived Normal"
"458",0.544863459037711,0.565217391304348,0.091808943976175,"Thyroid Carcinoma","Blood Derived Normal"
"459",0.546163849154746,0.565217391304348,0.0912670484321052,"Thyroid Carcinoma","Blood Derived Normal"
"460",0.547464239271782,0.565217391304348,0.0911156935531922,"Thyroid Carcinoma","Blood Derived Normal"
"461",0.548764629388817,0.565217391304348,0.0909522166319973,"Thyroid Carcinoma","Blood Derived Normal"
"462",0.550065019505852,0.565217391304348,0.0908297647328669,"Thyroid Carcinoma","Blood Derived Normal"
"463",0.551365409622887,0.565217391304348,0.0902178359721872,"Thyroid Carcinoma","Blood Derived Normal"
"464",0.552665799739922,0.565217391304348,0.0896379920467889,"Thyroid Carcinoma","Blood Derived Normal"
"465",0.553966189856957,0.565217391304348,0.0885736768321796,"Thyroid Carcinoma","Blood Derived Normal"
"466",0.555266579973992,0.565217391304348,0.0885390185067702,"Thyroid Carcinoma","Blood Derived Normal"
"467",0.556566970091027,0.565217391304348,0.088090501107392,"Thyroid Carcinoma","Blood Derived Normal"
"468",0.557867360208062,0.565217391304348,0.0874564389276238,"Thyroid Carcinoma","Blood Derived Normal"
"469",0.559167750325098,0.565217391304348,0.0869681538765957,"Thyroid Carcinoma","Blood Derived Normal"
"470",0.560468140442133,0.565217391304348,0.0864860787068898,"Thyroid Carcinoma","Blood Derived Normal"
"471",0.561768530559168,0.565217391304348,0.0863434198417486,"Thyroid Carcinoma","Blood Derived Normal"
"472",0.563068920676203,0.565217391304348,0.0862089603535503,"Thyroid Carcinoma","Blood Derived Normal"
"473",0.564369310793238,0.565217391304348,0.0861024255174145,"Thyroid Carcinoma","Blood Derived Normal"
"474",0.565669700910273,0.565217391304348,0.0860991806034472,"Thyroid Carcinoma","Blood Derived Normal"
"475",0.566970091027308,0.565217391304348,0.0860947331320047,"Thyroid Carcinoma","Blood Derived Normal"
"476",0.568270481144343,0.565217391304348,0.0859566562404209,"Thyroid Carcinoma","Blood Derived Normal"
"477",0.569570871261378,0.565217391304348,0.0859124764306629,"Thyroid Carcinoma","Blood Derived Normal"
"478",0.570871261378413,0.565217391304348,0.0859028335586818,"Thyroid Carcinoma","Blood Derived Normal"
"479",0.572171651495449,0.565217391304348,0.0856922845062149,"Thyroid Carcinoma","Blood Derived Normal"
"480",0.573472041612484,0.565217391304348,0.085244890948901,"Thyroid Carcinoma","Blood Derived Normal"
"481",0.574772431729519,0.565217391304348,0.0843836751079353,"Thyroid Carcinoma","Blood Derived Normal"
"482",0.574772431729519,0.579710144927536,0.0842749263115381,"Thyroid Carcinoma","Blood Derived Normal"
"483",0.576072821846554,0.579710144927536,0.083907006195679,"Thyroid Carcinoma","Blood Derived Normal"
"484",0.577373211963589,0.579710144927536,0.0838492440625193,"Thyroid Carcinoma","Blood Derived Normal"
"485",0.578673602080624,0.579710144927536,0.0838417670843288,"Thyroid Carcinoma","Blood Derived Normal"
"486",0.578673602080624,0.594202898550725,0.0838167767436346,"Thyroid Carcinoma","Blood Derived Normal"
"487",0.579973992197659,0.594202898550725,0.0826613893521175,"Thyroid Carcinoma","Blood Derived Normal"
"488",0.581274382314694,0.594202898550725,0.0825793219945361,"Thyroid Carcinoma","Blood Derived Normal"
"489",0.58257477243173,0.594202898550725,0.0823147309050485,"Thyroid Carcinoma","Blood Derived Normal"
"490",0.583875162548765,0.594202898550725,0.0821518456609902,"Thyroid Carcinoma","Blood Derived Normal"
"491",0.5851755526658,0.594202898550725,0.0820440773817571,"Thyroid Carcinoma","Blood Derived Normal"
"492",0.586475942782835,0.594202898550725,0.0814932516364474,"Thyroid Carcinoma","Blood Derived Normal"
"493",0.58777633289987,0.594202898550725,0.0814470792165265,"Thyroid Carcinoma","Blood Derived Normal"
"494",0.589076723016905,0.594202898550725,0.0814351950090019,"Thyroid Carcinoma","Blood Derived Normal"
"495",0.59037711313394,0.594202898550725,0.0810663047341682,"Thyroid Carcinoma","Blood Derived Normal"
"496",0.591677503250975,0.594202898550725,0.0805503548191683,"Thyroid Carcinoma","Blood Derived Normal"
"497",0.59297789336801,0.594202898550725,0.0801574669858943,"Thyroid Carcinoma","Blood Derived Normal"
"498",0.594278283485046,0.594202898550725,0.0801493165515179,"Thyroid Carcinoma","Blood Derived Normal"
"499",0.595578673602081,0.594202898550725,0.0800706783942533,"Thyroid Carcinoma","Blood Derived Normal"
"500",0.595578673602081,0.608695652173913,0.0799868265236735,"Thyroid Carcinoma","Blood Derived Normal"
"501",0.596879063719116,0.608695652173913,0.0795270891013032,"Thyroid Carcinoma","Blood Derived Normal"
"502",0.598179453836151,0.608695652173913,0.0794072197737467,"Thyroid Carcinoma","Blood Derived Normal"
"503",0.599479843953186,0.608695652173913,0.0790358610596996,"Thyroid Carcinoma","Blood Derived Normal"
"504",0.600780234070221,0.608695652173913,0.0782499992345475,"Thyroid Carcinoma","Blood Derived Normal"
"505",0.602080624187256,0.608695652173913,0.0781131326256976,"Thyroid Carcinoma","Blood Derived Normal"
"506",0.603381014304291,0.608695652173913,0.0779069883927678,"Thyroid Carcinoma","Blood Derived Normal"
"507",0.604681404421326,0.608695652173913,0.0777957312301569,"Thyroid Carcinoma","Blood Derived Normal"
"508",0.605981794538362,0.608695652173913,0.0775810194012788,"Thyroid Carcinoma","Blood Derived Normal"
"509",0.607282184655397,0.608695652173913,0.0774548173407758,"Thyroid Carcinoma","Blood Derived Normal"
"510",0.608582574772432,0.608695652173913,0.0773284531473247,"Thyroid Carcinoma","Blood Derived Normal"
"511",0.609882964889467,0.608695652173913,0.0768081850888049,"Thyroid Carcinoma","Blood Derived Normal"
"512",0.611183355006502,0.608695652173913,0.076539617543919,"Thyroid Carcinoma","Blood Derived Normal"
"513",0.612483745123537,0.608695652173913,0.0759963890046705,"Thyroid Carcinoma","Blood Derived Normal"
"514",0.613784135240572,0.608695652173913,0.0757175147948138,"Thyroid Carcinoma","Blood Derived Normal"
"515",0.615084525357607,0.608695652173913,0.0750493432963539,"Thyroid Carcinoma","Blood Derived Normal"
"516",0.616384915474642,0.608695652173913,0.0746635483871687,"Thyroid Carcinoma","Blood Derived Normal"
"517",0.617685305591678,0.608695652173913,0.0742509288636406,"Thyroid Carcinoma","Blood Derived Normal"
"518",0.618985695708713,0.608695652173913,0.0741701288243251,"Thyroid Carcinoma","Blood Derived Normal"
"519",0.620286085825748,0.608695652173913,0.0741626926477432,"Thyroid Carcinoma","Blood Derived Normal"
"520",0.621586475942783,0.608695652173913,0.0739397595647894,"Thyroid Carcinoma","Blood Derived Normal"
"521",0.622886866059818,0.608695652173913,0.073635227273015,"Thyroid Carcinoma","Blood Derived Normal"
"522",0.624187256176853,0.608695652173913,0.0735355448645395,"Thyroid Carcinoma","Blood Derived Normal"
"523",0.625487646293888,0.608695652173913,0.0725544376794576,"Thyroid Carcinoma","Blood Derived Normal"
"524",0.626788036410923,0.608695652173913,0.0718087064795011,"Thyroid Carcinoma","Blood Derived Normal"
"525",0.628088426527958,0.608695652173913,0.0716953162281279,"Thyroid Carcinoma","Blood Derived Normal"
"526",0.629388816644993,0.608695652173913,0.07140869686189,"Thyroid Carcinoma","Blood Derived Normal"
"527",0.630689206762029,0.608695652173913,0.0712417421644628,"Thyroid Carcinoma","Blood Derived Normal"
"528",0.630689206762029,0.623188405797101,0.0703009902567081,"Thyroid Carcinoma","Blood Derived Normal"
"529",0.631989596879064,0.623188405797101,0.0700703322007219,"Thyroid Carcinoma","Blood Derived Normal"
"530",0.633289986996099,0.623188405797101,0.0698002879944357,"Thyroid Carcinoma","Blood Derived Normal"
"531",0.634590377113134,0.623188405797101,0.0697197608867685,"Thyroid Carcinoma","Blood Derived Normal"
"532",0.635890767230169,0.623188405797101,0.0695933172377716,"Thyroid Carcinoma","Blood Derived Normal"
"533",0.637191157347204,0.623188405797101,0.0695219627620346,"Thyroid Carcinoma","Blood Derived Normal"
"534",0.638491547464239,0.623188405797101,0.0691297968729078,"Thyroid Carcinoma","Blood Derived Normal"
"535",0.639791937581274,0.623188405797101,0.0690728751727991,"Thyroid Carcinoma","Blood Derived Normal"
"536",0.641092327698309,0.623188405797101,0.0689670379753533,"Thyroid Carcinoma","Blood Derived Normal"
"537",0.642392717815345,0.623188405797101,0.068815863130135,"Thyroid Carcinoma","Blood Derived Normal"
"538",0.64369310793238,0.623188405797101,0.0683939241921669,"Thyroid Carcinoma","Blood Derived Normal"
"539",0.644993498049415,0.623188405797101,0.0683559975975563,"Thyroid Carcinoma","Blood Derived Normal"
"540",0.64629388816645,0.623188405797101,0.0681167970130658,"Thyroid Carcinoma","Blood Derived Normal"
"541",0.647594278283485,0.623188405797101,0.0678771678728725,"Thyroid Carcinoma","Blood Derived Normal"
"542",0.64889466840052,0.623188405797101,0.0677362133341164,"Thyroid Carcinoma","Blood Derived Normal"
"543",0.650195058517555,0.623188405797101,0.0675545917953567,"Thyroid Carcinoma","Blood Derived Normal"
"544",0.65149544863459,0.623188405797101,0.0668318765859565,"Thyroid Carcinoma","Blood Derived Normal"
"545",0.652795838751626,0.623188405797101,0.0666956369814209,"Thyroid Carcinoma","Blood Derived Normal"
"546",0.654096228868661,0.623188405797101,0.0666862974591512,"Thyroid Carcinoma","Blood Derived Normal"
"547",0.655396618985696,0.623188405797101,0.0665241061191187,"Thyroid Carcinoma","Blood Derived Normal"
"548",0.656697009102731,0.623188405797101,0.0663704918741596,"Thyroid Carcinoma","Blood Derived Normal"
"549",0.657997399219766,0.623188405797101,0.0662626752003522,"Thyroid Carcinoma","Blood Derived Normal"
"550",0.659297789336801,0.623188405797101,0.0660056574908355,"Thyroid Carcinoma","Blood Derived Normal"
"551",0.659297789336801,0.63768115942029,0.0659354397079194,"Thyroid Carcinoma","Blood Derived Normal"
"552",0.660598179453836,0.63768115942029,0.0657233403870712,"Thyroid Carcinoma","Blood Derived Normal"
"553",0.661898569570871,0.63768115942029,0.065688757445224,"Thyroid Carcinoma","Blood Derived Normal"
"554",0.661898569570871,0.652173913043478,0.0651679968691374,"Thyroid Carcinoma","Blood Derived Normal"
"555",0.663198959687906,0.652173913043478,0.0650245759580453,"Thyroid Carcinoma","Blood Derived Normal"
"556",0.663198959687906,0.666666666666667,0.0650064038505386,"Thyroid Carcinoma","Blood Derived Normal"
"557",0.664499349804942,0.666666666666667,0.064641546482772,"Thyroid Carcinoma","Blood Derived Normal"
"558",0.665799739921977,0.666666666666667,0.0643596535268192,"Thyroid Carcinoma","Blood Derived Normal"
"559",0.667100130039012,0.666666666666667,0.0637526588452593,"Thyroid Carcinoma","Blood Derived Normal"
"560",0.668400520156047,0.666666666666667,0.0637441361865507,"Thyroid Carcinoma","Blood Derived Normal"
"561",0.668400520156047,0.681159420289855,0.0634030840179205,"Thyroid Carcinoma","Blood Derived Normal"
"562",0.669700910273082,0.681159420289855,0.0633659337230752,"Thyroid Carcinoma","Blood Derived Normal"
"563",0.671001300390117,0.681159420289855,0.0633242186628001,"Thyroid Carcinoma","Blood Derived Normal"
"564",0.672301690507152,0.681159420289855,0.0629386371707674,"Thyroid Carcinoma","Blood Derived Normal"
"565",0.673602080624187,0.681159420289855,0.0624739031122776,"Thyroid Carcinoma","Blood Derived Normal"
"566",0.674902470741222,0.681159420289855,0.0624531115100483,"Thyroid Carcinoma","Blood Derived Normal"
"567",0.676202860858257,0.681159420289855,0.0617115555845823,"Thyroid Carcinoma","Blood Derived Normal"
"568",0.677503250975293,0.681159420289855,0.0612546746162709,"Thyroid Carcinoma","Blood Derived Normal"
"569",0.677503250975293,0.695652173913043,0.0610901844100699,"Thyroid Carcinoma","Blood Derived Normal"
"570",0.677503250975293,0.710144927536232,0.0608429315715023,"Thyroid Carcinoma","Blood Derived Normal"
"571",0.678803641092328,0.710144927536232,0.0607683610607995,"Thyroid Carcinoma","Blood Derived Normal"
"572",0.680104031209363,0.710144927536232,0.0607449525438649,"Thyroid Carcinoma","Blood Derived Normal"
"573",0.681404421326398,0.710144927536232,0.060673507221115,"Thyroid Carcinoma","Blood Derived Normal"
"574",0.682704811443433,0.710144927536232,0.0601027709464608,"Thyroid Carcinoma","Blood Derived Normal"
"575",0.684005201560468,0.710144927536232,0.0598826653506683,"Thyroid Carcinoma","Blood Derived Normal"
"576",0.685305591677503,0.710144927536232,0.0597042074130567,"Thyroid Carcinoma","Blood Derived Normal"
"577",0.686605981794538,0.710144927536232,0.0591002498069688,"Thyroid Carcinoma","Blood Derived Normal"
"578",0.687906371911573,0.710144927536232,0.0589668752579554,"Thyroid Carcinoma","Blood Derived Normal"
"579",0.689206762028609,0.710144927536232,0.058871056005974,"Thyroid Carcinoma","Blood Derived Normal"
"580",0.690507152145644,0.710144927536232,0.0583945490904418,"Thyroid Carcinoma","Blood Derived Normal"
"581",0.691807542262679,0.710144927536232,0.0582081847325823,"Thyroid Carcinoma","Blood Derived Normal"
"582",0.693107932379714,0.710144927536232,0.0576711244996205,"Thyroid Carcinoma","Blood Derived Normal"
"583",0.694408322496749,0.710144927536232,0.0569666177945877,"Thyroid Carcinoma","Blood Derived Normal"
"584",0.695708712613784,0.710144927536232,0.056425803339078,"Thyroid Carcinoma","Blood Derived Normal"
"585",0.697009102730819,0.710144927536232,0.056259339370391,"Thyroid Carcinoma","Blood Derived Normal"
"586",0.697009102730819,0.72463768115942,0.0559252932666927,"Thyroid Carcinoma","Blood Derived Normal"
"587",0.698309492847854,0.72463768115942,0.0558892923931467,"Thyroid Carcinoma","Blood Derived Normal"
"588",0.699609882964889,0.72463768115942,0.0558866359539312,"Thyroid Carcinoma","Blood Derived Normal"
"589",0.700910273081925,0.72463768115942,0.0558526854622758,"Thyroid Carcinoma","Blood Derived Normal"
"590",0.70221066319896,0.72463768115942,0.0554396174171743,"Thyroid Carcinoma","Blood Derived Normal"
"591",0.703511053315995,0.72463768115942,0.0553655280036996,"Thyroid Carcinoma","Blood Derived Normal"
"592",0.70481144343303,0.72463768115942,0.0553638139004615,"Thyroid Carcinoma","Blood Derived Normal"
"593",0.706111833550065,0.72463768115942,0.0552101968058949,"Thyroid Carcinoma","Blood Derived Normal"
"594",0.7074122236671,0.72463768115942,0.0549659341448022,"Thyroid Carcinoma","Blood Derived Normal"
"595",0.708712613784135,0.72463768115942,0.0544168560419658,"Thyroid Carcinoma","Blood Derived Normal"
"596",0.71001300390117,0.72463768115942,0.0543648567970028,"Thyroid Carcinoma","Blood Derived Normal"
"597",0.711313394018205,0.72463768115942,0.053996922105971,"Thyroid Carcinoma","Blood Derived Normal"
"598",0.712613784135241,0.72463768115942,0.0534741693297567,"Thyroid Carcinoma","Blood Derived Normal"
"599",0.713914174252276,0.72463768115942,0.0533786824342435,"Thyroid Carcinoma","Blood Derived Normal"
"600",0.715214564369311,0.72463768115942,0.05272131351456,"Thyroid Carcinoma","Blood Derived Normal"
"601",0.716514954486346,0.72463768115942,0.0526163614930829,"Thyroid Carcinoma","Blood Derived Normal"
"602",0.717815344603381,0.72463768115942,0.0524156157244481,"Thyroid Carcinoma","Blood Derived Normal"
"603",0.719115734720416,0.72463768115942,0.0520406663509728,"Thyroid Carcinoma","Blood Derived Normal"
"604",0.720416124837451,0.72463768115942,0.0519935080142685,"Thyroid Carcinoma","Blood Derived Normal"
"605",0.721716514954486,0.72463768115942,0.0518368920242526,"Thyroid Carcinoma","Blood Derived Normal"
"606",0.723016905071521,0.72463768115942,0.0518165650886547,"Thyroid Carcinoma","Blood Derived Normal"
"607",0.724317295188557,0.72463768115942,0.0517627786974293,"Thyroid Carcinoma","Blood Derived Normal"
"608",0.725617685305592,0.72463768115942,0.0515002336013266,"Thyroid Carcinoma","Blood Derived Normal"
"609",0.726918075422627,0.72463768115942,0.0513371473096846,"Thyroid Carcinoma","Blood Derived Normal"
"610",0.728218465539662,0.72463768115942,0.0510998264707346,"Thyroid Carcinoma","Blood Derived Normal"
"611",0.729518855656697,0.72463768115942,0.0508922780519917,"Thyroid Carcinoma","Blood Derived Normal"
"612",0.730819245773732,0.72463768115942,0.0508000441759175,"Thyroid Carcinoma","Blood Derived Normal"
"613",0.732119635890767,0.72463768115942,0.0507656519862479,"Thyroid Carcinoma","Blood Derived Normal"
"614",0.733420026007802,0.72463768115942,0.0505270459021647,"Thyroid Carcinoma","Blood Derived Normal"
"615",0.734720416124837,0.72463768115942,0.0503522188053083,"Thyroid Carcinoma","Blood Derived Normal"
"616",0.736020806241873,0.72463768115942,0.0502987549388091,"Thyroid Carcinoma","Blood Derived Normal"
"617",0.737321196358908,0.72463768115942,0.049912399161135,"Thyroid Carcinoma","Blood Derived Normal"
"618",0.738621586475943,0.72463768115942,0.0495174052610098,"Thyroid Carcinoma","Blood Derived Normal"
"619",0.738621586475943,0.739130434782609,0.0494436190337156,"Thyroid Carcinoma","Blood Derived Normal"
"620",0.739921976592978,0.739130434782609,0.0490871540672865,"Thyroid Carcinoma","Blood Derived Normal"
"621",0.741222366710013,0.739130434782609,0.0490868171845997,"Thyroid Carcinoma","Blood Derived Normal"
"622",0.742522756827048,0.739130434782609,0.0488461574076567,"Thyroid Carcinoma","Blood Derived Normal"
"623",0.743823146944083,0.739130434782609,0.0488211412920072,"Thyroid Carcinoma","Blood Derived Normal"
"624",0.745123537061118,0.739130434782609,0.048742667888286,"Thyroid Carcinoma","Blood Derived Normal"
"625",0.746423927178153,0.739130434782609,0.0484563538206825,"Thyroid Carcinoma","Blood Derived Normal"
"626",0.747724317295189,0.739130434782609,0.0476332891919438,"Thyroid Carcinoma","Blood Derived Normal"
"627",0.749024707412224,0.739130434782609,0.0472096120191019,"Thyroid Carcinoma","Blood Derived Normal"
"628",0.750325097529259,0.739130434782609,0.0471128022161333,"Thyroid Carcinoma","Blood Derived Normal"
"629",0.751625487646294,0.739130434782609,0.0469826504866593,"Thyroid Carcinoma","Blood Derived Normal"
"630",0.752925877763329,0.739130434782609,0.0468812984251382,"Thyroid Carcinoma","Blood Derived Normal"
"631",0.754226267880364,0.739130434782609,0.0461498357036407,"Thyroid Carcinoma","Blood Derived Normal"
"632",0.755526657997399,0.739130434782609,0.0461463847565096,"Thyroid Carcinoma","Blood Derived Normal"
"633",0.756827048114434,0.739130434782609,0.0461064115917792,"Thyroid Carcinoma","Blood Derived Normal"
"634",0.758127438231469,0.739130434782609,0.0459382287018515,"Thyroid Carcinoma","Blood Derived Normal"
"635",0.759427828348505,0.739130434782609,0.0448737004528554,"Thyroid Carcinoma","Blood Derived Normal"
"636",0.76072821846554,0.739130434782609,0.0447369982944847,"Thyroid Carcinoma","Blood Derived Normal"
"637",0.762028608582575,0.739130434782609,0.0445817359923572,"Thyroid Carcinoma","Blood Derived Normal"
"638",0.76332899869961,0.739130434782609,0.044533813386412,"Thyroid Carcinoma","Blood Derived Normal"
"639",0.764629388816645,0.739130434782609,0.0444860917918029,"Thyroid Carcinoma","Blood Derived Normal"
"640",0.76592977893368,0.739130434782609,0.0442850282975843,"Thyroid Carcinoma","Blood Derived Normal"
"641",0.767230169050715,0.739130434782609,0.0441890721060142,"Thyroid Carcinoma","Blood Derived Normal"
"642",0.76853055916775,0.739130434782609,0.0438352995798678,"Thyroid Carcinoma","Blood Derived Normal"
"643",0.769830949284785,0.739130434782609,0.043666596793401,"Thyroid Carcinoma","Blood Derived Normal"
"644",0.771131339401821,0.739130434782609,0.0436091440348156,"Thyroid Carcinoma","Blood Derived Normal"
"645",0.772431729518856,0.739130434782609,0.0436008011407542,"Thyroid Carcinoma","Blood Derived Normal"
"646",0.773732119635891,0.739130434782609,0.0433482936210386,"Thyroid Carcinoma","Blood Derived Normal"
"647",0.775032509752926,0.739130434782609,0.0432760801200156,"Thyroid Carcinoma","Blood Derived Normal"
"648",0.776332899869961,0.739130434782609,0.0430962724158627,"Thyroid Carcinoma","Blood Derived Normal"
"649",0.777633289986996,0.739130434782609,0.0426748408256813,"Thyroid Carcinoma","Blood Derived Normal"
"650",0.778933680104031,0.739130434782609,0.0421921916819707,"Thyroid Carcinoma","Blood Derived Normal"
"651",0.780234070221066,0.739130434782609,0.0420550411702355,"Thyroid Carcinoma","Blood Derived Normal"
"652",0.781534460338101,0.739130434782609,0.0420263514889231,"Thyroid Carcinoma","Blood Derived Normal"
"653",0.782834850455137,0.739130434782609,0.0417764500833911,"Thyroid Carcinoma","Blood Derived Normal"
"654",0.784135240572172,0.739130434782609,0.0416113871838055,"Thyroid Carcinoma","Blood Derived Normal"
"655",0.785435630689207,0.739130434782609,0.0415530900798523,"Thyroid Carcinoma","Blood Derived Normal"
"656",0.785435630689207,0.753623188405797,0.0415306806765099,"Thyroid Carcinoma","Blood Derived Normal"
"657",0.786736020806242,0.753623188405797,0.0414932215052355,"Thyroid Carcinoma","Blood Derived Normal"
"658",0.788036410923277,0.753623188405797,0.0411894670961079,"Thyroid Carcinoma","Blood Derived Normal"
"659",0.789336801040312,0.753623188405797,0.0410781366594453,"Thyroid Carcinoma","Blood Derived Normal"
"660",0.790637191157347,0.753623188405797,0.0407321734565209,"Thyroid Carcinoma","Blood Derived Normal"
"661",0.791937581274382,0.753623188405797,0.040687932992248,"Thyroid Carcinoma","Blood Derived Normal"
"662",0.791937581274382,0.768115942028985,0.0405719422042788,"Thyroid Carcinoma","Blood Derived Normal"
"663",0.791937581274382,0.782608695652174,0.0404836023291131,"Thyroid Carcinoma","Blood Derived Normal"
"664",0.793237971391417,0.782608695652174,0.0403951666049598,"Thyroid Carcinoma","Blood Derived Normal"
"665",0.794538361508453,0.782608695652174,0.0403032134667207,"Thyroid Carcinoma","Blood Derived Normal"
"666",0.795838751625488,0.782608695652174,0.0396709321333256,"Thyroid Carcinoma","Blood Derived Normal"
"667",0.797139141742523,0.782608695652174,0.0393607064905268,"Thyroid Carcinoma","Blood Derived Normal"
"668",0.798439531859558,0.782608695652174,0.0388402946043955,"Thyroid Carcinoma","Blood Derived Normal"
"669",0.799739921976593,0.782608695652174,0.0387106575121703,"Thyroid Carcinoma","Blood Derived Normal"
"670",0.801040312093628,0.782608695652174,0.0384219835582296,"Thyroid Carcinoma","Blood Derived Normal"
"671",0.802340702210663,0.782608695652174,0.0382304373309154,"Thyroid Carcinoma","Blood Derived Normal"
"672",0.803641092327698,0.782608695652174,0.038184373685632,"Thyroid Carcinoma","Blood Derived Normal"
"673",0.803641092327698,0.797101449275362,0.0380540827882659,"Thyroid Carcinoma","Blood Derived Normal"
"674",0.804941482444733,0.797101449275362,0.0379418290111482,"Thyroid Carcinoma","Blood Derived Normal"
"675",0.806241872561768,0.797101449275362,0.037909840617128,"Thyroid Carcinoma","Blood Derived Normal"
"676",0.807542262678804,0.797101449275362,0.037548588413864,"Thyroid Carcinoma","Blood Derived Normal"
"677",0.808842652795839,0.797101449275362,0.0375092352233696,"Thyroid Carcinoma","Blood Derived Normal"
"678",0.810143042912874,0.797101449275362,0.0373951685574117,"Thyroid Carcinoma","Blood Derived Normal"
"679",0.811443433029909,0.797101449275362,0.0372383141460272,"Thyroid Carcinoma","Blood Derived Normal"
"680",0.812743823146944,0.797101449275362,0.0371762222327129,"Thyroid Carcinoma","Blood Derived Normal"
"681",0.812743823146944,0.811594202898551,0.0371124741484138,"Thyroid Carcinoma","Blood Derived Normal"
"682",0.814044213263979,0.811594202898551,0.0368162271868113,"Thyroid Carcinoma","Blood Derived Normal"
"683",0.815344603381014,0.811594202898551,0.0363250731194836,"Thyroid Carcinoma","Blood Derived Normal"
"684",0.816644993498049,0.811594202898551,0.0362761648005594,"Thyroid Carcinoma","Blood Derived Normal"
"685",0.817945383615085,0.811594202898551,0.0362673860459588,"Thyroid Carcinoma","Blood Derived Normal"
"686",0.81924577373212,0.811594202898551,0.0361719780451245,"Thyroid Carcinoma","Blood Derived Normal"
"687",0.820546163849155,0.811594202898551,0.0361328691341967,"Thyroid Carcinoma","Blood Derived Normal"
"688",0.820546163849155,0.826086956521739,0.0359633849523802,"Thyroid Carcinoma","Blood Derived Normal"
"689",0.82184655396619,0.826086956521739,0.0358043767115311,"Thyroid Carcinoma","Blood Derived Normal"
"690",0.823146944083225,0.826086956521739,0.0355690624805725,"Thyroid Carcinoma","Blood Derived Normal"
"691",0.823146944083225,0.840579710144927,0.0354755809610114,"Thyroid Carcinoma","Blood Derived Normal"
"692",0.82444733420026,0.840579710144927,0.0351625606681356,"Thyroid Carcinoma","Blood Derived Normal"
"693",0.82444733420026,0.855072463768116,0.0346775647235098,"Thyroid Carcinoma","Blood Derived Normal"
"694",0.825747724317295,0.855072463768116,0.0345206839257695,"Thyroid Carcinoma","Blood Derived Normal"
"695",0.82704811443433,0.855072463768116,0.034143925197831,"Thyroid Carcinoma","Blood Derived Normal"
"696",0.828348504551365,0.855072463768116,0.0341287454616884,"Thyroid Carcinoma","Blood Derived Normal"
"697",0.829648894668401,0.855072463768116,0.0339469667679743,"Thyroid Carcinoma","Blood Derived Normal"
"698",0.830949284785436,0.855072463768116,0.0332901334990556,"Thyroid Carcinoma","Blood Derived Normal"
"699",0.832249674902471,0.855072463768116,0.0331439938732269,"Thyroid Carcinoma","Blood Derived Normal"
"700",0.833550065019506,0.855072463768116,0.032566270963761,"Thyroid Carcinoma","Blood Derived Normal"
"701",0.834850455136541,0.855072463768116,0.0320847145792198,"Thyroid Carcinoma","Blood Derived Normal"
"702",0.836150845253576,0.855072463768116,0.0319907781251479,"Thyroid Carcinoma","Blood Derived Normal"
"703",0.837451235370611,0.855072463768116,0.0319859957484796,"Thyroid Carcinoma","Blood Derived Normal"
"704",0.838751625487646,0.855072463768116,0.0319710852380388,"Thyroid Carcinoma","Blood Derived Normal"
"705",0.840052015604681,0.855072463768116,0.0319659764839262,"Thyroid Carcinoma","Blood Derived Normal"
"706",0.841352405721717,0.855072463768116,0.030639988611981,"Thyroid Carcinoma","Blood Derived Normal"
"707",0.842652795838752,0.855072463768116,0.0305868286576418,"Thyroid Carcinoma","Blood Derived Normal"
"708",0.843953185955787,0.855072463768116,0.0305102681017967,"Thyroid Carcinoma","Blood Derived Normal"
"709",0.845253576072822,0.855072463768116,0.0303039313115382,"Thyroid Carcinoma","Blood Derived Normal"
"710",0.846553966189857,0.855072463768116,0.0302647785703468,"Thyroid Carcinoma","Blood Derived Normal"
"711",0.847854356306892,0.855072463768116,0.0300168514825194,"Thyroid Carcinoma","Blood Derived Normal"
"712",0.849154746423927,0.855072463768116,0.029552937411334,"Thyroid Carcinoma","Blood Derived Normal"
"713",0.850455136540962,0.855072463768116,0.0294864421329837,"Thyroid Carcinoma","Blood Derived Normal"
"714",0.850455136540962,0.869565217391304,0.0294752862523695,"Thyroid Carcinoma","Blood Derived Normal"
"715",0.851755526657997,0.869565217391304,0.0294601092250002,"Thyroid Carcinoma","Blood Derived Normal"
"716",0.853055916775033,0.869565217391304,0.0293292357230887,"Thyroid Carcinoma","Blood Derived Normal"
"717",0.854356306892068,0.869565217391304,0.0287385955450145,"Thyroid Carcinoma","Blood Derived Normal"
"718",0.855656697009103,0.869565217391304,0.028485382958013,"Thyroid Carcinoma","Blood Derived Normal"
"719",0.856957087126138,0.869565217391304,0.0284508056192346,"Thyroid Carcinoma","Blood Derived Normal"
"720",0.858257477243173,0.869565217391304,0.0284503011627594,"Thyroid Carcinoma","Blood Derived Normal"
"721",0.859557867360208,0.869565217391304,0.0284056747998582,"Thyroid Carcinoma","Blood Derived Normal"
"722",0.859557867360208,0.884057971014493,0.0281085804034282,"Thyroid Carcinoma","Blood Derived Normal"
"723",0.860858257477243,0.884057971014493,0.0279580408846591,"Thyroid Carcinoma","Blood Derived Normal"
"724",0.862158647594278,0.884057971014493,0.0278993378443432,"Thyroid Carcinoma","Blood Derived Normal"
"725",0.863459037711313,0.884057971014493,0.0278795181140341,"Thyroid Carcinoma","Blood Derived Normal"
"726",0.864759427828348,0.884057971014493,0.0278609170910612,"Thyroid Carcinoma","Blood Derived Normal"
"727",0.866059817945384,0.884057971014493,0.0277401095823029,"Thyroid Carcinoma","Blood Derived Normal"
"728",0.867360208062419,0.884057971014493,0.0273252853519367,"Thyroid Carcinoma","Blood Derived Normal"
"729",0.867360208062419,0.898550724637681,0.0264398654523251,"Thyroid Carcinoma","Blood Derived Normal"
"730",0.868660598179454,0.898550724637681,0.0264183991622764,"Thyroid Carcinoma","Blood Derived Normal"
"731",0.869960988296489,0.898550724637681,0.0262471608437307,"Thyroid Carcinoma","Blood Derived Normal"
"732",0.871261378413524,0.898550724637681,0.0262025998886253,"Thyroid Carcinoma","Blood Derived Normal"
"733",0.872561768530559,0.898550724637681,0.0260421015924784,"Thyroid Carcinoma","Blood Derived Normal"
"734",0.873862158647594,0.898550724637681,0.0258678514764663,"Thyroid Carcinoma","Blood Derived Normal"
"735",0.875162548764629,0.898550724637681,0.025776239605185,"Thyroid Carcinoma","Blood Derived Normal"
"736",0.876462938881664,0.898550724637681,0.0256056489221183,"Thyroid Carcinoma","Blood Derived Normal"
"737",0.8777633289987,0.898550724637681,0.0253455335275804,"Thyroid Carcinoma","Blood Derived Normal"
"738",0.879063719115735,0.898550724637681,0.0251601474556024,"Thyroid Carcinoma","Blood Derived Normal"
"739",0.88036410923277,0.898550724637681,0.0249940449408141,"Thyroid Carcinoma","Blood Derived Normal"
"740",0.881664499349805,0.898550724637681,0.0248514180906624,"Thyroid Carcinoma","Blood Derived Normal"
"741",0.88296488946684,0.898550724637681,0.0248195315842195,"Thyroid Carcinoma","Blood Derived Normal"
"742",0.884265279583875,0.898550724637681,0.024700049269793,"Thyroid Carcinoma","Blood Derived Normal"
"743",0.884265279583875,0.91304347826087,0.0246584965653794,"Thyroid Carcinoma","Blood Derived Normal"
"744",0.88556566970091,0.91304347826087,0.0246435680249248,"Thyroid Carcinoma","Blood Derived Normal"
"745",0.886866059817945,0.91304347826087,0.0245780854802872,"Thyroid Carcinoma","Blood Derived Normal"
"746",0.888166449934981,0.91304347826087,0.0243809279979633,"Thyroid Carcinoma","Blood Derived Normal"
"747",0.889466840052016,0.91304347826087,0.0231679432551142,"Thyroid Carcinoma","Blood Derived Normal"
"748",0.890767230169051,0.91304347826087,0.0229219034116857,"Thyroid Carcinoma","Blood Derived Normal"
"749",0.890767230169051,0.927536231884058,0.0226110773067366,"Thyroid Carcinoma","Blood Derived Normal"
"750",0.890767230169051,0.942028985507246,0.0222719938218978,"Thyroid Carcinoma","Blood Derived Normal"
"751",0.892067620286086,0.942028985507246,0.0222357715575255,"Thyroid Carcinoma","Blood Derived Normal"
"752",0.893368010403121,0.942028985507246,0.0220451647997659,"Thyroid Carcinoma","Blood Derived Normal"
"753",0.893368010403121,0.956521739130435,0.0216086398526678,"Thyroid Carcinoma","Blood Derived Normal"
"754",0.894668400520156,0.956521739130435,0.020978922112883,"Thyroid Carcinoma","Blood Derived Normal"
"755",0.895968790637191,0.956521739130435,0.0209103848225239,"Thyroid Carcinoma","Blood Derived Normal"
"756",0.897269180754226,0.956521739130435,0.0205008745238096,"Thyroid Carcinoma","Blood Derived Normal"
"757",0.898569570871261,0.956521739130435,0.0203868859808282,"Thyroid Carcinoma","Blood Derived Normal"
"758",0.899869960988297,0.956521739130435,0.0203738788243168,"Thyroid Carcinoma","Blood Derived Normal"
"759",0.901170351105332,0.956521739130435,0.020107835124185,"Thyroid Carcinoma","Blood Derived Normal"
"760",0.901170351105332,0.971014492753623,0.0199795292374993,"Thyroid Carcinoma","Blood Derived Normal"
"761",0.902470741222367,0.971014492753623,0.0198686488648758,"Thyroid Carcinoma","Blood Derived Normal"
"762",0.903771131339402,0.971014492753623,0.0196634342943096,"Thyroid Carcinoma","Blood Derived Normal"
"763",0.905071521456437,0.971014492753623,0.0195013614123516,"Thyroid Carcinoma","Blood Derived Normal"
"764",0.906371911573472,0.971014492753623,0.019336496410121,"Thyroid Carcinoma","Blood Derived Normal"
"765",0.907672301690507,0.971014492753623,0.0193237668605155,"Thyroid Carcinoma","Blood Derived Normal"
"766",0.908972691807542,0.971014492753623,0.0190581683914588,"Thyroid Carcinoma","Blood Derived Normal"
"767",0.910273081924577,0.971014492753623,0.01894941628934,"Thyroid Carcinoma","Blood Derived Normal"
"768",0.911573472041612,0.971014492753623,0.0188079864682942,"Thyroid Carcinoma","Blood Derived Normal"
"769",0.912873862158648,0.971014492753623,0.0184279631952428,"Thyroid Carcinoma","Blood Derived Normal"
"770",0.914174252275683,0.971014492753623,0.0182958012813762,"Thyroid Carcinoma","Blood Derived Normal"
"771",0.915474642392718,0.971014492753623,0.0182885195744993,"Thyroid Carcinoma","Blood Derived Normal"
"772",0.916775032509753,0.971014492753623,0.0180951914144468,"Thyroid Carcinoma","Blood Derived Normal"
"773",0.918075422626788,0.971014492753623,0.0179831310465188,"Thyroid Carcinoma","Blood Derived Normal"
"774",0.919375812743823,0.971014492753623,0.0177509009528263,"Thyroid Carcinoma","Blood Derived Normal"
"775",0.920676202860858,0.971014492753623,0.0176050850919836,"Thyroid Carcinoma","Blood Derived Normal"
"776",0.921976592977893,0.971014492753623,0.0173028174644689,"Thyroid Carcinoma","Blood Derived Normal"
"777",0.923276983094928,0.971014492753623,0.0171078939546475,"Thyroid Carcinoma","Blood Derived Normal"
"778",0.924577373211964,0.971014492753623,0.0169437028185856,"Thyroid Carcinoma","Blood Derived Normal"
"779",0.925877763328999,0.971014492753623,0.0168527068646487,"Thyroid Carcinoma","Blood Derived Normal"
"780",0.927178153446034,0.971014492753623,0.0167439382173016,"Thyroid Carcinoma","Blood Derived Normal"
"781",0.928478543563069,0.971014492753623,0.0166316011785803,"Thyroid Carcinoma","Blood Derived Normal"
"782",0.929778933680104,0.971014492753623,0.0164531549763824,"Thyroid Carcinoma","Blood Derived Normal"
"783",0.931079323797139,0.971014492753623,0.0159696902100631,"Thyroid Carcinoma","Blood Derived Normal"
"784",0.932379713914174,0.971014492753623,0.0158910690020462,"Thyroid Carcinoma","Blood Derived Normal"
"785",0.933680104031209,0.971014492753623,0.0156988349499582,"Thyroid Carcinoma","Blood Derived Normal"
"786",0.934980494148244,0.971014492753623,0.0155129933635711,"Thyroid Carcinoma","Blood Derived Normal"
"787",0.93628088426528,0.971014492753623,0.0151996018399153,"Thyroid Carcinoma","Blood Derived Normal"
"788",0.937581274382315,0.971014492753623,0.0149287050608098,"Thyroid Carcinoma","Blood Derived Normal"
"789",0.937581274382315,0.985507246376812,0.0148754604546917,"Thyroid Carcinoma","Blood Derived Normal"
"790",0.93888166449935,0.985507246376812,0.0147767487125476,"Thyroid Carcinoma","Blood Derived Normal"
"791",0.940182054616385,0.985507246376812,0.0141641431767167,"Thyroid Carcinoma","Blood Derived Normal"
"792",0.94148244473342,0.985507246376812,0.0139455420679506,"Thyroid Carcinoma","Blood Derived Normal"
"793",0.942782834850455,0.985507246376812,0.0135838009284903,"Thyroid Carcinoma","Blood Derived Normal"
"794",0.94408322496749,0.985507246376812,0.0134357131596307,"Thyroid Carcinoma","Blood Derived Normal"
"795",0.945383615084525,0.985507246376812,0.0126272329375818,"Thyroid Carcinoma","Blood Derived Normal"
"796",0.94668400520156,0.985507246376812,0.0124270197758208,"Thyroid Carcinoma","Blood Derived Normal"
"797",0.947984395318596,0.985507246376812,0.0117493499085195,"Thyroid Carcinoma","Blood Derived Normal"
"798",0.949284785435631,0.985507246376812,0.0114866715294637,"Thyroid Carcinoma","Blood Derived Normal"
"799",0.950585175552666,0.985507246376812,0.011238768921654,"Thyroid Carcinoma","Blood Derived Normal"
"800",0.951885565669701,0.985507246376812,0.0111569297517683,"Thyroid Carcinoma","Blood Derived Normal"
"801",0.953185955786736,0.985507246376812,0.0108848814639425,"Thyroid Carcinoma","Blood Derived Normal"
"802",0.953185955786736,1,0.0102168159214635,"Thyroid Carcinoma","Blood Derived Normal"
"803",0.954486345903771,1,0.0099830855526043,"Thyroid Carcinoma","Blood Derived Normal"
"804",0.955786736020806,1,0.00978712085794997,"Thyroid Carcinoma","Blood Derived Normal"
"805",0.957087126137841,1,0.00953669285114811,"Thyroid Carcinoma","Blood Derived Normal"
"806",0.958387516254877,1,0.00952532445526522,"Thyroid Carcinoma","Blood Derived Normal"
"807",0.959687906371912,1,0.00906310290878365,"Thyroid Carcinoma","Blood Derived Normal"
"808",0.960988296488947,1,0.00893601268289557,"Thyroid Carcinoma","Blood Derived Normal"
"809",0.962288686605982,1,0.00891674222374084,"Thyroid Carcinoma","Blood Derived Normal"
"810",0.963589076723017,1,0.00885937102983414,"Thyroid Carcinoma","Blood Derived Normal"
"811",0.964889466840052,1,0.00880243848530093,"Thyroid Carcinoma","Blood Derived Normal"
"812",0.966189856957087,1,0.00841641869291998,"Thyroid Carcinoma","Blood Derived Normal"
"813",0.967490247074122,1,0.00837407343979435,"Thyroid Carcinoma","Blood Derived Normal"
"814",0.968790637191157,1,0.00830519690834608,"Thyroid Carcinoma","Blood Derived Normal"
"815",0.970091027308192,1,0.00824978410691268,"Thyroid Carcinoma","Blood Derived Normal"
"816",0.971391417425228,1,0.00807526899481303,"Thyroid Carcinoma","Blood Derived Normal"
"817",0.972691807542263,1,0.00775098526637852,"Thyroid Carcinoma","Blood Derived Normal"
"818",0.973992197659298,1,0.00761842883873831,"Thyroid Carcinoma","Blood Derived Normal"
"819",0.975292587776333,1,0.00731464163874829,"Thyroid Carcinoma","Blood Derived Normal"
"820",0.976592977893368,1,0.00724386288146661,"Thyroid Carcinoma","Blood Derived Normal"
"821",0.977893368010403,1,0.00717644068962275,"Thyroid Carcinoma","Blood Derived Normal"
"822",0.979193758127438,1,0.00714766325532712,"Thyroid Carcinoma","Blood Derived Normal"
"823",0.980494148244473,1,0.00699192497297396,"Thyroid Carcinoma","Blood Derived Normal"
"824",0.981794538361508,1,0.00674869877030126,"Thyroid Carcinoma","Blood Derived Normal"
"825",0.983094928478544,1,0.00674737473650622,"Thyroid Carcinoma","Blood Derived Normal"
"826",0.984395318595579,1,0.00651220602507807,"Thyroid Carcinoma","Blood Derived Normal"
"827",0.985695708712614,1,0.00625112223432944,"Thyroid Carcinoma","Blood Derived Normal"
"828",0.986996098829649,1,0.0062384406904149,"Thyroid Carcinoma","Blood Derived Normal"
"829",0.988296488946684,1,0.00461845623670298,"Thyroid Carcinoma","Blood Derived Normal"
"830",0.989596879063719,1,0.00428533848264923,"Thyroid Carcinoma","Blood Derived Normal"
"831",0.990897269180754,1,0.00395495553382275,"Thyroid Carcinoma","Blood Derived Normal"
"832",0.992197659297789,1,0.00385914648819197,"Thyroid Carcinoma","Blood Derived Normal"
"833",0.993498049414824,1,0.0038345097549024,"Thyroid Carcinoma","Blood Derived Normal"
"834",0.99479843953186,1,0.00357625586283095,"Thyroid Carcinoma","Blood Derived Normal"
"835",0.996098829648895,1,0.00344718082028883,"Thyroid Carcinoma","Blood Derived Normal"
"836",0.99739921976593,1,0.00276410930652149,"Thyroid Carcinoma","Blood Derived Normal"
"837",0.998699609882965,1,0.00199337261874943,"Thyroid Carcinoma","Blood Derived Normal"
"838",1,1,0.00199337261874943,"Thyroid Carcinoma","Blood Derived Normal"
